TournamentDate,TournamentFile,Round,MatchID,PlayerA,PlayerACode,PlayerB,PlayerBCode,PlayerA_PR,PlayerB_PR,PlayerA_Decisions,PlayerB_Decisions,WinnerName,WinnerCode,BetterPRName,BetterPRCode,BetterPRWon,PR_Difference_Abs,QualityStatus,QualityIssues
2023-07-02,20230702.csv,1,20230702_R1_AKO_SKO,Anthony Korn,AKO,Steeve Korn,SKO,6.74,,163.0,,,,Anthony Korn,AKO,,,Review,Pair row count = 1
2023-07-02,20230702.csv,1,20230702_R1_ACA_SKO,Antoine Canteloup,ACA,Steeve Korn,SKO,,7.33,,149.0,Steeve Korn,SKO,,,,,Review,Pair row count = 1
2023-07-02,20230702.csv,1,20230702_R1_AME_GME,Arthur Menez,AME,Géo Menez,GME,9.79,3.8,98.0,107.0,Géo Menez,GME,Géo Menez,GME,1.0,5.99,OK,
2023-07-02,20230702.csv,1,20230702_R1_DFR_GBO,David Freidenberg,DFR,Greg Boghossian,GBO,11.29,10.05,101.0,93.0,Greg Boghossian,GBO,Greg Boghossian,GBO,1.0,1.24,OK,
2023-07-02,20230702.csv,1,20230702_R1_KUB_NSE,Gildas Bouilland,KUB,Nicolas Sekri,NSE,3.26,8.09,97.0,95.0,Gildas Bouilland,KUB,Gildas Bouilland,KUB,1.0,4.83,OK,
2023-07-02,20230702.csv,1,20230702_R1_IGU_KKR,Ibrahima Guillard,IGU,Katalin Krajnyak,KKR,3.86,7.48,104.0,88.0,Ibrahima Guillard,IGU,Ibrahima Guillard,IGU,1.0,3.62,OK,
2023-07-02,20230702.csv,1,20230702_R1_JMA_WBE,James MacNaughtan,JMA,Wil Benotmane,WBE,4.5,8.09,109.0,102.0,James MacNaughtan,JMA,James MacNaughtan,JMA,1.0,3.59,OK,
2023-07-02,20230702.csv,2,20230702_R2_AKO_IGU,Anthony Korn,AKO,Ibrahima Guillard,IGU,6.41,,83.0,,Anthony Korn,AKO,Anthony Korn,AKO,1.0,,Review,Pair row count = 1
2023-07-02,20230702.csv,2,20230702_R2_ACA_IGU,Antoine Canteloup,ACA,Ibrahima Guillard,IGU,,7.17,,90.0,,,,,,,Review,Pair row count = 1
2023-07-02,20230702.csv,2,20230702_R2_AME_JMA,Arthur Menez,AME,James MacNaughtan,JMA,6.04,8.88,146.0,135.0,James MacNaughtan,JMA,Arthur Menez,AME,0.0,2.84,OK,
2023-07-02,20230702.csv,2,20230702_R2_DFR_WBE,David Freidenberg,DFR,Wil Benotmane,WBE,10.84,6.86,174.0,200.0,Wil Benotmane,WBE,Wil Benotmane,WBE,1.0,3.98,OK,
2023-07-02,20230702.csv,2,20230702_R2_GBO_KKR,Greg Boghossian,GBO,Katalin Krajnyak,KKR,10.38,17.48,156.0,144.0,Katalin Krajnyak,KKR,Greg Boghossian,GBO,0.0,7.1,OK,
2023-07-02,20230702.csv,2,20230702_R2_GME_KUB,Géo Menez,GME,Gildas Bouilland,KUB,3.97,7.99,108.0,122.0,Géo Menez,GME,Géo Menez,GME,1.0,4.02,OK,
2023-07-02,20230702.csv,2,20230702_R2_NSE_SKO,Nicolas Sekri,NSE,Steeve Korn,SKO,6.49,6.32,139.0,150.0,Steeve Korn,SKO,Steeve Korn,SKO,1.0,0.17,OK,
2023-07-02,20230702.csv,3,20230702_R3_AKO_GBO,Anthony Korn,AKO,Greg Boghossian,GBO,8.89,,118.0,,,,Anthony Korn,AKO,,,Review,Pair row count = 1
2023-07-02,20230702.csv,3,20230702_R3_ACA_GBO,Antoine Canteloup,ACA,Greg Boghossian,GBO,,12.89,,108.0,Greg Boghossian,GBO,,,,,Review,Pair row count = 1
2023-07-02,20230702.csv,3,20230702_R3_AME_KUB,Arthur Menez,AME,Gildas Bouilland,KUB,5.2,7.9,80.0,79.0,Gildas Bouilland,KUB,Arthur Menez,AME,0.0,2.7,OK,
2023-07-02,20230702.csv,3,20230702_R3_DFR_JMA,David Freidenberg,DFR,James MacNaughtan,JMA,3.11,1.68,96.0,86.0,James MacNaughtan,JMA,James MacNaughtan,JMA,1.0,1.43,OK,
2023-07-02,20230702.csv,3,20230702_R3_GME_SKO,Géo Menez,GME,Steeve Korn,SKO,8.48,8.9,119.0,116.0,Steeve Korn,SKO,Géo Menez,GME,0.0,0.42,OK,
2023-07-02,20230702.csv,3,20230702_R3_IGU_NSE,Ibrahima Guillard,IGU,Nicolas Sekri,NSE,7.79,4.05,76.0,71.0,Ibrahima Guillard,IGU,Nicolas Sekri,NSE,0.0,3.74,OK,
2023-07-02,20230702.csv,3,20230702_R3_KKR_WBE,Katalin Krajnyak,KKR,Wil Benotmane,WBE,10.51,5.93,143.0,155.0,Wil Benotmane,WBE,Wil Benotmane,WBE,1.0,4.58,OK,
2023-07-02,20230702.csv,4,20230702_R4_AKO_WBE,Anthony Korn,AKO,Wil Benotmane,WBE,12.32,,151.0,,,,Anthony Korn,AKO,,,Review,Pair row count = 1
2023-07-02,20230702.csv,4,20230702_R4_ACA_WBE,Antoine Canteloup,ACA,Wil Benotmane,WBE,,16.12,,132.0,Wil Benotmane,WBE,,,,,Review,Pair row count = 1
2023-07-02,20230702.csv,4,20230702_R4_AME_DFR,Arthur Menez,AME,David Freidenberg,DFR,7.89,5.26,78.0,83.0,Arthur Menez,AME,David Freidenberg,DFR,0.0,2.63,OK,
2023-07-02,20230702.csv,4,20230702_R4_KUB_SKO,Gildas Bouilland,KUB,Steeve Korn,SKO,3.89,5.51,110.0,112.0,Gildas Bouilland,KUB,Gildas Bouilland,KUB,1.0,1.62,Review,BetterPR does not match lower PR
2023-07-02,20230702.csv,4,20230702_R4_GBO_NSE,Greg Boghossian,GBO,Nicolas Sekri,NSE,8.45,7.52,167.0,125.0,Greg Boghossian,GBO,Nicolas Sekri,NSE,0.0,0.93,OK,
2023-07-02,20230702.csv,4,20230702_R4_GME_IGU,Géo Menez,GME,Ibrahima Guillard,IGU,1.53,6.13,41.0,45.0,Ibrahima Guillard,IGU,Géo Menez,GME,0.0,4.6,OK,
2023-07-02,20230702.csv,4,20230702_R4_JMA_KKR,James MacNaughtan,JMA,Katalin Krajnyak,KKR,6.12,13.35,75.0,80.0,James MacNaughtan,JMA,James MacNaughtan,JMA,1.0,7.23,OK,
2023-07-02,20230702.csv,5,20230702_R5_AKO_JMA,Anthony Korn,AKO,James MacNaughtan,JMA,7.97,,101.0,,,,,,,,Review,Pair row count = 1
2023-07-02,20230702.csv,5,20230702_R5_ACA_JMA,Antoine Canteloup,ACA,James MacNaughtan,JMA,,4.53,,103.0,James MacNaughtan,JMA,James MacNaughtan,JMA,1.0,,Review,Pair row count = 1
2023-07-02,20230702.csv,5,20230702_R5_AME_SKO,Arthur Menez,AME,Steeve Korn,SKO,5.96,6.0,208.0,191.0,Arthur Menez,AME,Arthur Menez,AME,1.0,0.04,OK,
2023-07-02,20230702.csv,5,20230702_R5_DFR_KKR,David Freidenberg,DFR,Katalin Krajnyak,KKR,13.03,11.21,105.0,100.0,Katalin Krajnyak,KKR,Katalin Krajnyak,KKR,1.0,1.82,OK,
2023-07-02,20230702.csv,5,20230702_R5_GBO_GME,Greg Boghossian,GBO,Géo Menez,GME,6.06,9.18,91.0,90.0,Greg Boghossian,GBO,Greg Boghossian,GBO,1.0,3.12,OK,
2023-07-02,20230702.csv,5,20230702_R5_IGU_KUB,Ibrahima Guillard,IGU,Gildas Bouilland,KUB,8.44,14.25,80.0,71.0,Ibrahima Guillard,IGU,Ibrahima Guillard,IGU,1.0,5.81,OK,
2023-07-02,20230702.csv,5,20230702_R5_NSE_WBE,Nicolas Sekri,NSE,Wil Benotmane,WBE,5.26,6.63,69.0,37.0,Nicolas Sekri,NSE,Nicolas Sekri,NSE,1.0,1.37,OK,
2023-10-15,20231015.csv,1,20231015_R1_AKO_EBE,Anthony Korn,AKO,Eric Bénichou,EBE,4.87,8.08,101.0,93.0,Anthony Korn,AKO,Anthony Korn,AKO,1.0,3.21,OK,
2023-10-15,20231015.csv,1,20231015_R1_AME_GME,Arthur Menez,AME,Géo Menez,GME,10.31,9.0,146.0,141.0,Arthur Menez,AME,Géo Menez,GME,0.0,1.31,OK,
2023-10-15,20231015.csv,1,20231015_R1_DFR_FTI,David Freidenberg,DFR,François Tissot,FTI,15.62,9.81,84.0,113.0,David Freidenberg,DFR,François Tissot,FTI,0.0,5.81,OK,
2023-10-15,20231015.csv,1,20231015_R1_JMA_SPA,James MacNaughtan,JMA,Sarah Partouche,SPA,4.56,13.34,101.0,108.0,James MacNaughtan,JMA,James MacNaughtan,JMA,1.0,8.78,OK,
2023-10-15,20231015.csv,1,20231015_R1_KUN_SKO,Kévin Unger,KUN,Steeve Korn,SKO,4.08,7.38,77.0,65.0,Kévin Unger,KUN,Kévin Unger,KUN,1.0,3.3,OK,
2023-10-15,20231015.csv,1,20231015_R1_MLE_NSE,Marc Le Campion,MLE,Nicolas Sekri,NSE,10.93,5.28,122.0,120.0,Nicolas Sekri,NSE,Nicolas Sekri,NSE,1.0,5.65,OK,
2023-10-15,20231015.csv,1,20231015_R1_NHA_WBE,Nicolas Harmand,NHA,Wil Benotmane,WBE,8.59,2.89,90.0,106.0,Nicolas Harmand,NHA,Wil Benotmane,WBE,0.0,5.7,OK,
2023-10-15,20231015.csv,2,20231015_R2_AKO_GME,Anthony Korn,AKO,Géo Menez,GME,6.57,7.63,112.0,134.0,Géo Menez,GME,Anthony Korn,AKO,0.0,1.06,OK,
2023-10-15,20231015.csv,2,20231015_R2_AME_SPA,Arthur Menez,AME,Sarah Partouche,SPA,7.78,18.6,37.0,36.0,Arthur Menez,AME,Arthur Menez,AME,1.0,10.82,OK,
2023-10-15,20231015.csv,2,20231015_R2_DFR_JMA,David Freidenberg,DFR,James MacNaughtan,JMA,4.75,2.97,62.0,57.0,David Freidenberg,DFR,James MacNaughtan,JMA,0.0,1.78,OK,
2023-10-15,20231015.csv,2,20231015_R2_EBE_NHA,Eric Bénichou,EBE,Nicolas Harmand,NHA,4.61,9.51,75.0,58.0,Eric Bénichou,EBE,Eric Bénichou,EBE,1.0,4.9,OK,
2023-10-15,20231015.csv,2,20231015_R2_FTI_SKO,François Tissot,FTI,Steeve Korn,SKO,6.27,9.88,88.0,98.0,Steeve Korn,SKO,François Tissot,FTI,0.0,3.61,OK,
2023-10-15,20231015.csv,2,20231015_R2_KUN_MLE,Kévin Unger,KUN,Marc Le Campion,MLE,4.47,4.84,133.0,117.0,Kévin Unger,KUN,Kévin Unger,KUN,1.0,0.37,OK,
2023-10-15,20231015.csv,2,20231015_R2_NSE_WBE,Nicolas Sekri,NSE,Wil Benotmane,WBE,8.76,11.26,138.0,133.0,Wil Benotmane,WBE,Nicolas Sekri,NSE,0.0,2.5,OK,
2023-10-15,20231015.csv,3,20231015_R3_AKO_AME,Anthony Korn,AKO,Arthur Menez,AME,5.6,6.04,164.0,153.0,Anthony Korn,AKO,Anthony Korn,AKO,1.0,0.44,OK,
2023-10-15,20231015.csv,3,20231015_R3_DFR_SPA,David Freidenberg,DFR,Sarah Partouche,SPA,6.04,14.09,63.0,69.0,David Freidenberg,DFR,David Freidenberg,DFR,1.0,8.05,OK,
2023-10-15,20231015.csv,3,20231015_R3_EBE_NSE,Eric Bénichou,EBE,Nicolas Sekri,NSE,5.63,7.57,74.0,90.0,Nicolas Sekri,NSE,Eric Bénichou,EBE,0.0,1.94,OK,
2023-10-15,20231015.csv,3,20231015_R3_FTI_MLE,François Tissot,FTI,Marc Le Campion,MLE,5.28,11.2,136.0,108.0,François Tissot,FTI,François Tissot,FTI,1.0,5.92,OK,
2023-10-15,20231015.csv,3,20231015_R3_GME_NHA,Géo Menez,GME,Nicolas Harmand,NHA,5.6,13.38,96.0,92.0,Géo Menez,GME,Géo Menez,GME,1.0,7.78,OK,
2023-10-15,20231015.csv,3,20231015_R3_JMA_SKO,James MacNaughtan,JMA,Steeve Korn,SKO,10.39,10.21,146.0,156.0,James MacNaughtan,JMA,Steeve Korn,SKO,0.0,0.18,OK,
2023-10-15,20231015.csv,3,20231015_R3_KUN_WBE,Kévin Unger,KUN,Wil Benotmane,WBE,2.99,10.66,41.0,38.0,Kévin Unger,KUN,Kévin Unger,KUN,1.0,7.67,OK,
2023-10-15,20231015.csv,4,20231015_R4_AKO_SPA,Anthony Korn,AKO,Sarah Partouche,SPA,5.6,24.96,74.0,75.0,Anthony Korn,AKO,Anthony Korn,AKO,1.0,19.36,OK,
2023-10-15,20231015.csv,4,20231015_R4_AME_NHA,Arthur Menez,AME,Nicolas Harmand,NHA,11.16,13.04,68.0,67.0,Nicolas Harmand,NHA,Arthur Menez,AME,0.0,1.88,OK,
2023-10-15,20231015.csv,4,20231015_R4_DFR_SKO,David Freidenberg,DFR,Steeve Korn,SKO,6.61,12.88,127.0,114.0,David Freidenberg,DFR,David Freidenberg,DFR,1.0,6.27,OK,
2023-10-15,20231015.csv,4,20231015_R4_EBE_KUN,Eric Bénichou,EBE,Kévin Unger,KUN,5.77,14.4,58.0,51.0,Kévin Unger,KUN,Eric Bénichou,EBE,0.0,8.63,OK,
2023-10-15,20231015.csv,4,20231015_R4_FTI_WBE,François Tissot,FTI,Wil Benotmane,WBE,10.63,9.22,96.0,68.0,François Tissot,FTI,Wil Benotmane,WBE,0.0,1.41,OK,
2023-10-15,20231015.csv,4,20231015_R4_GME_NSE,Géo Menez,GME,Nicolas Sekri,NSE,2.74,3.12,47.0,72.0,Nicolas Sekri,NSE,Géo Menez,GME,0.0,0.38,OK,
2023-10-15,20231015.csv,4,20231015_R4_JMA_MLE,James MacNaughtan,JMA,Marc Le Campion,MLE,4.93,12.56,101.0,76.0,James MacNaughtan,JMA,James MacNaughtan,JMA,1.0,7.63,OK,
2023-10-15,20231015.csv,5,20231015_R5_AKO_NHA,Anthony Korn,AKO,Nicolas Harmand,NHA,5.44,7.55,122.0,136.0,Nicolas Harmand,NHA,Anthony Korn,AKO,0.0,2.11,OK,
2023-10-15,20231015.csv,5,20231015_R5_AME_NSE,Arthur Menez,AME,Nicolas Sekri,NSE,5.82,8.48,94.0,85.0,Arthur Menez,AME,Arthur Menez,AME,1.0,2.66,OK,
2023-10-15,20231015.csv,5,20231015_R5_DFR_MLE,David Freidenberg,DFR,Marc Le Campion,MLE,9.2,7.81,142.0,136.0,Marc Le Campion,MLE,Marc Le Campion,MLE,1.0,1.39,OK,
2023-10-15,20231015.csv,5,20231015_R5_EBE_FTI,Eric Bénichou,EBE,François Tissot,FTI,3.57,6.13,108.0,105.0,François Tissot,FTI,Eric Bénichou,EBE,0.0,2.56,OK,
2023-10-15,20231015.csv,5,20231015_R5_GME_KUN,Géo Menez,GME,Kévin Unger,KUN,6.17,4.17,130.0,116.0,Géo Menez,GME,Kévin Unger,KUN,0.0,2.0,OK,
2023-10-15,20231015.csv,5,20231015_R5_JMA_WBE,James MacNaughtan,JMA,Wil Benotmane,WBE,8.98,5.64,62.0,60.0,Wil Benotmane,WBE,Wil Benotmane,WBE,1.0,3.34,OK,
2023-10-15,20231015.csv,5,20231015_R5_SKO_SPA,Steeve Korn,SKO,Sarah Partouche,SPA,20.5,25.3,87.0,112.0,Sarah Partouche,SPA,Steeve Korn,SKO,0.0,4.8,OK,
2023-12-17,20231217.csv,1,20231217_R1_AKO_WilfriedBenotmane,Anthony Korn,AKO,Wilfried Benotmane,,6.44,12.79,114.0,137.0,Wilfried Benotmane,,Anthony Korn,AKO,0.0,6.35,OK,
2023-12-17,20231217.csv,1,20231217_R1_DFR_NSE,David Freidenberg,DFR,Nicolas Sekri,NSE,11.65,6.53,90.0,86.0,David Freidenberg,DFR,Nicolas Sekri,NSE,0.0,5.12,OK,
2023-12-17,20231217.csv,1,20231217_R1_EGU_KUN,Eric Guedj,EGU,Kévin Unger,KUN,5.57,9.15,77.0,92.0,Eric Guedj,EGU,Eric Guedj,EGU,1.0,3.58,OK,
2023-12-17,20231217.csv,1,20231217_R1_GME_JMA,Géo Menez,GME,James MacNaughtan,JMA,5.43,6.32,127.0,145.0,James MacNaughtan,JMA,Géo Menez,GME,0.0,0.89,OK,
2023-12-17,20231217.csv,1,20231217_R1_KGU_NHA,Kamel Guerbaa,KGU,Nicolas Harmand,NHA,6.89,6.78,22.0,22.0,Nicolas Harmand,NHA,Nicolas Harmand,NHA,1.0,0.11,OK,
2023-12-17,20231217.csv,1,20231217_R1_SKO_SPA,Steeve Korn,SKO,Sarah Partouche,SPA,8.56,12.71,96.0,80.0,Steeve Korn,SKO,Steeve Korn,SKO,1.0,4.15,OK,
2023-12-17,20231217.csv,2,20231217_R2_AKO_DFR,Anthony Korn,AKO,David Freidenberg,DFR,8.28,5.59,125.0,122.0,David Freidenberg,DFR,David Freidenberg,DFR,1.0,2.69,OK,
2023-12-17,20231217.csv,2,20231217_R2_EGU_NSE,Eric Guedj,EGU,Nicolas Sekri,NSE,4.82,8.45,60.0,63.0,Eric Guedj,EGU,Eric Guedj,EGU,1.0,3.63,OK,
2023-12-17,20231217.csv,2,20231217_R2_GME_NHA,Géo Menez,GME,Nicolas Harmand,NHA,3.91,3.23,131.0,125.0,Géo Menez,GME,Nicolas Harmand,NHA,0.0,0.68,OK,
2023-12-17,20231217.csv,2,20231217_R2_JMA_SPA,James MacNaughtan,JMA,Sarah Partouche,SPA,11.61,17.98,68.0,76.0,James MacNaughtan,JMA,James MacNaughtan,JMA,1.0,6.37,OK,
2023-12-17,20231217.csv,2,20231217_R2_KGU_KUN,Kamel Guerbaa,KGU,Kévin Unger,KUN,10.86,6.35,92.0,80.0,Kévin Unger,KUN,Kévin Unger,KUN,1.0,4.51,OK,
2023-12-17,20231217.csv,2,20231217_R2_SKO_WilfriedBenotmane,Steeve Korn,SKO,Wilfried Benotmane,,11.39,9.26,146.0,160.0,Steeve Korn,SKO,Wilfried Benotmane,,0.0,2.13,OK,
2023-12-17,20231217.csv,3,20231217_R3_AKO_EGU,Anthony Korn,AKO,Eric Guedj,EGU,8.12,4.28,62.0,53.0,Anthony Korn,AKO,Eric Guedj,EGU,0.0,3.84,OK,
2023-12-17,20231217.csv,3,20231217_R3_DFR_SKO,David Freidenberg,DFR,Steeve Korn,SKO,7.27,5.32,96.0,119.0,David Freidenberg,DFR,Steeve Korn,SKO,0.0,1.95,OK,
2023-12-17,20231217.csv,3,20231217_R3_GME_KUN,Géo Menez,GME,Kévin Unger,KUN,6.29,4.23,124.0,97.0,Géo Menez,GME,Kévin Unger,KUN,0.0,2.06,OK,
2023-12-17,20231217.csv,3,20231217_R3_JMA_WilfriedBenotmane,James MacNaughtan,JMA,Wilfried Benotmane,,3.71,9.05,121.0,109.0,James MacNaughtan,JMA,James MacNaughtan,JMA,1.0,5.34,OK,
2023-12-17,20231217.csv,3,20231217_R3_KGU_NSE,Kamel Guerbaa,KGU,Nicolas Sekri,NSE,12.05,7.79,128.0,110.0,Nicolas Sekri,NSE,Nicolas Sekri,NSE,1.0,4.26,OK,
2023-12-17,20231217.csv,3,20231217_R3_NHA_SPA,Nicolas Harmand,NHA,Sarah Partouche,SPA,7.0,16.84,81.0,94.0,Nicolas Harmand,NHA,Nicolas Harmand,NHA,1.0,9.84,OK,
2023-12-17,20231217.csv,4,20231217_R4_AKO_KGU,Anthony Korn,AKO,Kamel Guerbaa,KGU,11.61,11.03,88.0,99.0,Kamel Guerbaa,KGU,Kamel Guerbaa,KGU,1.0,0.58,OK,
2023-12-17,20231217.csv,4,20231217_R4_DFR_JMA,David Freidenberg,DFR,James MacNaughtan,JMA,15.08,6.46,71.0,78.0,David Freidenberg,DFR,James MacNaughtan,JMA,0.0,8.62,OK,
2023-12-17,20231217.csv,4,20231217_R4_EGU_SKO,Eric Guedj,EGU,Steeve Korn,SKO,4.16,7.37,96.0,77.0,Eric Guedj,EGU,Eric Guedj,EGU,1.0,3.21,OK,
2023-12-17,20231217.csv,4,20231217_R4_GME_NSE,Géo Menez,GME,Nicolas Sekri,NSE,5.38,7.61,134.0,125.0,Nicolas Sekri,NSE,Géo Menez,GME,0.0,2.23,OK,
2023-12-17,20231217.csv,4,20231217_R4_KUN_SPA,Kévin Unger,KUN,Sarah Partouche,SPA,8.66,28.48,54.0,52.0,Sarah Partouche,SPA,Kévin Unger,KUN,0.0,19.82,OK,
2023-12-17,20231217.csv,4,20231217_R4_NHA_WilfriedBenotmane,Nicolas Harmand,NHA,Wilfried Benotmane,,11.86,7.23,111.0,95.0,Nicolas Harmand,NHA,Wilfried Benotmane,,0.0,4.63,OK,
2023-12-17,20231217.csv,5,20231217_R5_AKO_GME,Anthony Korn,AKO,Géo Menez,GME,8.69,8.98,120.0,115.0,Géo Menez,GME,Anthony Korn,AKO,0.0,0.29,OK,
2023-12-17,20231217.csv,5,20231217_R5_DFR_NHA,David Freidenberg,DFR,Nicolas Harmand,NHA,6.64,8.92,123.0,101.0,David Freidenberg,DFR,David Freidenberg,DFR,1.0,2.28,OK,
2023-12-17,20231217.csv,5,20231217_R5_EGU_JMA,Eric Guedj,EGU,James MacNaughtan,JMA,4.17,9.06,159.0,149.0,Eric Guedj,EGU,Eric Guedj,EGU,1.0,4.89,OK,
2023-12-17,20231217.csv,5,20231217_R5_KGU_SKO,Kamel Guerbaa,KGU,Steeve Korn,SKO,6.19,5.82,94.0,86.0,Kamel Guerbaa,KGU,Steeve Korn,SKO,0.0,0.37,OK,
2023-12-17,20231217.csv,5,20231217_R5_KUN_WilfriedBenotmane,Kévin Unger,KUN,Wilfried Benotmane,,4.9,10.16,126.0,149.0,Wilfried Benotmane,,Kévin Unger,KUN,0.0,5.26,OK,
2023-12-17,20231217.csv,5,20231217_R5_NSE_SPA,Nicolas Sekri,NSE,Sarah Partouche,SPA,3.27,17.54,152.0,134.0,Nicolas Sekri,NSE,Nicolas Sekri,NSE,1.0,14.27,OK,
2024-02-04,20240204.csv,1,20240204_R1_AKO_NSE,Anthony Korn,AKO,Nicolas Sekri,NSE,6.01,5.11,149.0,146.0,Anthony Korn,AKO,Nicolas Sekri,NSE,0.0,0.9,OK,
2024-02-04,20240204.csv,1,20240204_R1_AME_NHA,Arthur Menez,AME,Nicolas Harmand,NHA,6.66,6.31,86.0,91.0,Nicolas Harmand,NHA,Nicolas Harmand,NHA,1.0,0.35,OK,
2024-02-04,20240204.csv,1,20240204_R1_EBE_KGU,Eric Bénichou,EBE,Kamel Guerbaa,KGU,3.04,4.68,73.0,64.0,Eric Bénichou,EBE,Eric Bénichou,EBE,1.0,1.64,OK,
2024-02-04,20240204.csv,1,20240204_R1_FTI_STA,François Tissot,FTI,Sami Tamim,STA,3.38,10.63,126.0,112.0,François Tissot,FTI,François Tissot,FTI,1.0,7.25,OK,
2024-02-04,20240204.csv,1,20240204_R1_GME_JMA,Géo Menez,GME,James MacNaughtan,JMA,6.6,6.75,81.0,86.0,Géo Menez,GME,Géo Menez,GME,1.0,0.15,OK,
2024-02-04,20240204.csv,1,20240204_R1_IGU_KUB,Ibrahima Guillard,IGU,Gildas Bouilland,KUB,11.24,3.35,96.0,81.0,Gildas Bouilland,KUB,Gildas Bouilland,KUB,1.0,7.89,OK,
2024-02-04,20240204.csv,1,20240204_R1_KUN_SPA,Kévin Unger,KUN,Sarah Partouche,SPA,9.96,11.42,97.0,86.0,Kévin Unger,KUN,Kévin Unger,KUN,1.0,1.46,OK,
2024-02-04,20240204.csv,2,20240204_R2_AKO_EBE,Anthony Korn,AKO,Eric Bénichou,EBE,5.99,1.87,125.0,120.0,Eric Bénichou,EBE,Eric Bénichou,EBE,1.0,4.12,OK,
2024-02-04,20240204.csv,2,20240204_R2_AME_KUN,Arthur Menez,AME,Kévin Unger,KUN,10.59,6.53,65.0,67.0,Kévin Unger,KUN,Kévin Unger,KUN,1.0,4.06,OK,
2024-02-04,20240204.csv,2,20240204_R2_FTI_KGU,François Tissot,FTI,Kamel Guerbaa,KGU,6.05,6.9,184.0,159.0,Kamel Guerbaa,KGU,François Tissot,FTI,0.0,0.85,OK,
2024-02-04,20240204.csv,2,20240204_R2_GME_NHA,Géo Menez,GME,Nicolas Harmand,NHA,5.71,13.84,110.0,117.0,Nicolas Harmand,NHA,Géo Menez,GME,0.0,8.13,OK,
2024-02-04,20240204.csv,2,20240204_R2_IGU_STA,Ibrahima Guillard,IGU,Sami Tamim,STA,5.84,12.63,85.0,83.0,Ibrahima Guillard,IGU,Ibrahima Guillard,IGU,1.0,6.79,OK,
2024-02-04,20240204.csv,2,20240204_R2_JMA_KUB,James MacNaughtan,JMA,Gildas Bouilland,KUB,3.0,8.82,80.0,87.0,James MacNaughtan,JMA,James MacNaughtan,JMA,1.0,5.82,OK,
2024-02-04,20240204.csv,2,20240204_R2_NSE_SPA,Nicolas Sekri,NSE,Sarah Partouche,SPA,5.51,17.59,76.0,69.0,Nicolas Sekri,NSE,Nicolas Sekri,NSE,1.0,12.08,OK,
2024-02-04,20240204.csv,3,20240204_R3_AKO_FTI,Anthony Korn,AKO,François Tissot,FTI,6.29,5.57,114.0,122.0,François Tissot,FTI,François Tissot,FTI,1.0,0.72,OK,
2024-02-04,20240204.csv,3,20240204_R3_AME_NSE,Arthur Menez,AME,Nicolas Sekri,NSE,8.04,6.43,90.0,110.0,Arthur Menez,AME,Nicolas Sekri,NSE,0.0,1.61,OK,
2024-02-04,20240204.csv,3,20240204_R3_EBE_SPA,Eric Bénichou,EBE,Sarah Partouche,SPA,3.68,8.62,70.0,58.0,Sarah Partouche,SPA,Eric Bénichou,EBE,0.0,4.94,OK,
2024-02-04,20240204.csv,3,20240204_R3_KUB_NHA,Gildas Bouilland,KUB,Nicolas Harmand,NHA,7.53,9.25,148.0,136.0,Gildas Bouilland,KUB,Gildas Bouilland,KUB,1.0,1.72,OK,
2024-02-04,20240204.csv,3,20240204_R3_GME_KUN,Géo Menez,GME,Kévin Unger,KUN,2.96,11.8,78.0,67.0,Géo Menez,GME,Géo Menez,GME,1.0,8.84,OK,
2024-02-04,20240204.csv,3,20240204_R3_IGU_KGU,Ibrahima Guillard,IGU,Kamel Guerbaa,KGU,13.41,10.04,122.0,152.0,Kamel Guerbaa,KGU,Kamel Guerbaa,KGU,1.0,3.37,OK,
2024-02-04,20240204.csv,3,20240204_R3_JMA_STA,James MacNaughtan,JMA,Sami Tamim,STA,6.91,10.14,93.0,112.0,James MacNaughtan,JMA,James MacNaughtan,JMA,1.0,3.23,OK,
2024-02-04,20240204.csv,4,20240204_R4_AKO_IGU,Anthony Korn,AKO,Ibrahima Guillard,IGU,5.2,11.82,70.0,67.0,Anthony Korn,AKO,Anthony Korn,AKO,1.0,6.62,OK,
2024-02-04,20240204.csv,4,20240204_R4_AME_EBE,Arthur Menez,AME,Eric Bénichou,EBE,5.2,2.05,76.0,84.0,Eric Bénichou,EBE,Eric Bénichou,EBE,1.0,3.15,OK,
2024-02-04,20240204.csv,4,20240204_R4_FTI_SPA,François Tissot,FTI,Sarah Partouche,SPA,4.84,9.9,103.0,78.0,François Tissot,FTI,François Tissot,FTI,1.0,5.06,OK,
2024-02-04,20240204.csv,4,20240204_R4_KUB_KUN,Gildas Bouilland,KUB,Kévin Unger,KUN,8.38,7.35,194.0,182.0,Kévin Unger,KUN,Kévin Unger,KUN,1.0,1.03,OK,
2024-02-04,20240204.csv,4,20240204_R4_GME_NSE,Géo Menez,GME,Nicolas Sekri,NSE,5.57,9.83,88.0,82.0,Géo Menez,GME,Géo Menez,GME,1.0,4.26,OK,
2024-02-04,20240204.csv,4,20240204_R4_JMA_KGU,James MacNaughtan,JMA,Kamel Guerbaa,KGU,3.77,7.22,94.0,116.0,Kamel Guerbaa,KGU,James MacNaughtan,JMA,0.0,3.45,OK,
2024-02-04,20240204.csv,4,20240204_R4_NHA_STA,Nicolas Harmand,NHA,Sami Tamim,STA,4.94,6.79,134.0,126.0,Nicolas Harmand,NHA,Nicolas Harmand,NHA,1.0,1.85,OK,
2024-02-04,20240204.csv,5,20240204_R5_AKO_JMA,Anthony Korn,AKO,James MacNaughtan,JMA,4.02,7.59,83.0,78.0,Anthony Korn,AKO,Anthony Korn,AKO,1.0,3.57,OK,
2024-02-04,20240204.csv,5,20240204_R5_AME_FTI,Arthur Menez,AME,François Tissot,FTI,7.71,4.51,83.0,94.0,François Tissot,FTI,François Tissot,FTI,1.0,3.2,OK,
2024-02-04,20240204.csv,5,20240204_R5_EBE_GME,Eric Bénichou,EBE,Géo Menez,GME,3.3,10.54,87.0,73.0,Eric Bénichou,EBE,Eric Bénichou,EBE,1.0,7.24,OK,
2024-02-04,20240204.csv,5,20240204_R5_KUB_NSE,Gildas Bouilland,KUB,Nicolas Sekri,NSE,4.02,5.84,134.0,119.0,Nicolas Sekri,NSE,Gildas Bouilland,KUB,0.0,1.82,OK,
2024-02-04,20240204.csv,5,20240204_R5_IGU_SPA,Ibrahima Guillard,IGU,Sarah Partouche,SPA,5.48,13.95,121.0,139.0,Ibrahima Guillard,IGU,Ibrahima Guillard,IGU,1.0,8.47,OK,
2024-02-04,20240204.csv,5,20240204_R5_KGU_NHA,Kamel Guerbaa,KGU,Nicolas Harmand,NHA,7.15,5.71,158.0,142.0,Kamel Guerbaa,KGU,Nicolas Harmand,NHA,0.0,1.44,OK,
2024-02-04,20240204.csv,5,20240204_R5_KUN_STA,Kévin Unger,KUN,Sami Tamim,STA,6.24,13.76,167.0,158.0,Sami Tamim,STA,Kévin Unger,KUN,0.0,7.52,OK,
2024-03-10,20240310.csv,1,20240310_R1_AKO_TaniaKlimova,Anthony Korn,AKO,Tania Klimova,,2.93,8.57,94.0,88.0,Tania Klimova,,Anthony Korn,AKO,0.0,5.64,OK,
2024-03-10,20240310.csv,1,20240310_R1_AME_NHA,Arthur Menez,AME,Nicolas Harmand,NHA,10.79,6.47,111.0,110.0,Arthur Menez,AME,Nicolas Harmand,NHA,0.0,4.32,OK,
2024-03-10,20240310.csv,1,20240310_R1_KUB_SBA,Gildas Bouilland,KUB,Simon Barget,SBA,11.9,5.68,110.0,86.0,Gildas Bouilland,KUB,Simon Barget,SBA,0.0,6.22,OK,
2024-03-10,20240310.csv,1,20240310_R1_GME_JMA,Géo Menez,GME,James MacNaughtan,JMA,5.77,7.25,110.0,107.0,James MacNaughtan,JMA,Géo Menez,GME,0.0,1.48,OK,
2024-03-10,20240310.csv,1,20240310_R1_KGU_NSE,Kamel Guerbaa,KGU,Nicolas Sekri,NSE,20.85,2.77,82.0,75.0,Kamel Guerbaa,KGU,Nicolas Sekri,NSE,0.0,18.08,OK,
2024-03-10,20240310.csv,1,20240310_R1_KUN_WBE,Kévin Unger,KUN,Wil Benotmane,WBE,6.49,5.56,69.0,94.0,Wil Benotmane,WBE,Wil Benotmane,WBE,1.0,0.93,OK,
2024-03-10,20240310.csv,1,20240310_R1_SKO_SPA,Steeve Korn,SKO,Sarah Partouche,SPA,6.39,13.88,111.0,135.0,Sarah Partouche,SPA,Steeve Korn,SKO,0.0,7.49,OK,
2024-03-10,20240310.csv,2,20240310_R2_AKO_AME,Anthony Korn,AKO,Arthur Menez,AME,6.25,8.04,92.0,104.0,Anthony Korn,AKO,Anthony Korn,AKO,1.0,1.79,OK,
2024-03-10,20240310.csv,2,20240310_R2_KUB_SPA,Gildas Bouilland,KUB,Sarah Partouche,SPA,8.33,12.31,151.0,128.0,Sarah Partouche,SPA,Gildas Bouilland,KUB,0.0,3.98,OK,
2024-03-10,20240310.csv,2,20240310_R2_GME_NSE,Géo Menez,GME,Nicolas Sekri,NSE,8.79,1.24,31.0,32.0,Géo Menez,GME,Nicolas Sekri,NSE,0.0,7.55,OK,
2024-03-10,20240310.csv,2,20240310_R2_JMA_SBA,James MacNaughtan,JMA,Simon Barget,SBA,6.94,9.69,32.0,28.0,James MacNaughtan,JMA,James MacNaughtan,JMA,1.0,2.75,OK,
2024-03-10,20240310.csv,2,20240310_R2_KGU_KUN,Kamel Guerbaa,KGU,Kévin Unger,KUN,10.2,11.55,150.0,154.0,Kévin Unger,KUN,Kamel Guerbaa,KGU,0.0,1.35,OK,
2024-03-10,20240310.csv,2,20240310_R2_NHA_WBE,Nicolas Harmand,NHA,Wil Benotmane,WBE,7.74,8.21,132.0,121.0,Nicolas Harmand,NHA,Nicolas Harmand,NHA,1.0,0.47,OK,
2024-03-10,20240310.csv,2,20240310_R2_SKO_TaniaKlimova,Steeve Korn,SKO,Tania Klimova,,4.09,8.34,45.0,46.0,Steeve Korn,SKO,Steeve Korn,SKO,1.0,4.25,OK,
2024-03-10,20240310.csv,3,20240310_R3_AKO_WBE,Anthony Korn,AKO,Wil Benotmane,WBE,5.48,3.48,94.0,91.0,Anthony Korn,AKO,Wil Benotmane,WBE,0.0,2.0,OK,
2024-03-10,20240310.csv,3,20240310_R3_AME_SKO,Arthur Menez,AME,Steeve Korn,SKO,6.56,5.26,53.0,66.0,Steeve Korn,SKO,Steeve Korn,SKO,1.0,1.3,OK,
2024-03-10,20240310.csv,3,20240310_R3_KUB_TaniaKlimova,Gildas Bouilland,KUB,Tania Klimova,,4.33,6.24,87.0,89.0,Tania Klimova,,Gildas Bouilland,KUB,0.0,1.91,OK,
2024-03-10,20240310.csv,3,20240310_R3_GME_KUN,Géo Menez,GME,Kévin Unger,KUN,6.3,4.53,70.0,75.0,Géo Menez,GME,Kévin Unger,KUN,0.0,1.77,OK,
2024-03-10,20240310.csv,3,20240310_R3_JMA_SPA,James MacNaughtan,JMA,Sarah Partouche,SPA,6.34,20.12,52.0,49.0,James MacNaughtan,JMA,James MacNaughtan,JMA,1.0,13.78,OK,
2024-03-10,20240310.csv,3,20240310_R3_KGU_NHA,Kamel Guerbaa,KGU,Nicolas Harmand,NHA,11.32,4.59,134.0,131.0,Nicolas Harmand,NHA,Nicolas Harmand,NHA,1.0,6.73,OK,
2024-03-10,20240310.csv,3,20240310_R3_NSE_SBA,Nicolas Sekri,NSE,Simon Barget,SBA,6.68,6.27,42.0,69.0,Simon Barget,SBA,Simon Barget,SBA,1.0,0.41,OK,
2024-03-10,20240310.csv,4,20240310_R4_AKO_KGU,Anthony Korn,AKO,Kamel Guerbaa,KGU,6.48,8.22,89.0,78.0,Kamel Guerbaa,KGU,Anthony Korn,AKO,0.0,1.74,OK,
2024-03-10,20240310.csv,4,20240310_R4_AME_KUB,Arthur Menez,AME,Gildas Bouilland,KUB,7.86,9.93,162.0,134.0,Gildas Bouilland,KUB,Arthur Menez,AME,0.0,2.07,OK,
2024-03-10,20240310.csv,4,20240310_R4_GME_NHA,Géo Menez,GME,Nicolas Harmand,NHA,6.57,19.97,51.0,57.0,Géo Menez,GME,Géo Menez,GME,1.0,13.4,OK,
2024-03-10,20240310.csv,4,20240310_R4_JMA_TaniaKlimova,James MacNaughtan,JMA,Tania Klimova,,5.18,7.99,110.0,137.0,Tania Klimova,,James MacNaughtan,JMA,0.0,2.81,OK,
2024-03-10,20240310.csv,4,20240310_R4_KUN_SBA,Kévin Unger,KUN,Simon Barget,SBA,9.39,4.09,124.0,117.0,Kévin Unger,KUN,Simon Barget,SBA,0.0,5.3,OK,
2024-03-10,20240310.csv,4,20240310_R4_NSE_SPA,Nicolas Sekri,NSE,Sarah Partouche,SPA,2.11,17.14,132.0,159.0,Nicolas Sekri,NSE,Nicolas Sekri,NSE,1.0,15.03,OK,
2024-03-10,20240310.csv,4,20240310_R4_SKO_WBE,Steeve Korn,SKO,Wil Benotmane,WBE,5.02,13.34,33.0,37.0,Steeve Korn,SKO,Steeve Korn,SKO,1.0,8.32,OK,
2024-03-10,20240310.csv,5,20240310_R5_AKO_GME,Anthony Korn,AKO,Géo Menez,GME,7.98,5.2,133.0,117.0,Géo Menez,GME,Géo Menez,GME,1.0,2.78,OK,
2024-03-10,20240310.csv,5,20240310_R5_AME_JMA,Arthur Menez,AME,James MacNaughtan,JMA,6.88,6.51,125.0,119.0,Arthur Menez,AME,James MacNaughtan,JMA,0.0,0.37,OK,
2024-03-10,20240310.csv,5,20240310_R5_KUB_WBE,Gildas Bouilland,KUB,Wil Benotmane,WBE,7.07,9.82,134.0,138.0,Wil Benotmane,WBE,Gildas Bouilland,KUB,0.0,2.75,OK,
2024-03-10,20240310.csv,5,20240310_R5_KGU_SKO,Kamel Guerbaa,KGU,Steeve Korn,SKO,13.21,5.63,108.0,125.0,Steeve Korn,SKO,Steeve Korn,SKO,1.0,7.58,OK,
2024-03-10,20240310.csv,5,20240310_R5_KUN_SPA,Kévin Unger,KUN,Sarah Partouche,SPA,5.63,15.65,107.0,91.0,Kévin Unger,KUN,Kévin Unger,KUN,1.0,10.02,OK,
2024-03-10,20240310.csv,5,20240310_R5_NHA_SBA,Nicolas Harmand,NHA,Simon Barget,SBA,6.91,3.18,143.0,178.0,Simon Barget,SBA,Simon Barget,SBA,1.0,3.73,OK,
2024-03-10,20240310.csv,5,20240310_R5_NSE_TaniaKlimova,Nicolas Sekri,NSE,Tania Klimova,,3.46,4.19,156.0,149.0,Tania Klimova,,Nicolas Sekri,NSE,0.0,0.73,OK,
2024-05-05,20240505.csv,1,20240505_R1_AKO_MWA,Anthony Korn,AKO,Marc Wainberg,MWA,5.86,9.47,109.0,150.0,Marc Wainberg,MWA,Anthony Korn,AKO,0.0,3.61,OK,
2024-05-05,20240505.csv,1,20240505_R1_CDA_VMA,Csaba Daday,CDA,Valentin Marotte,VMA,8.89,7.97,147.0,166.0,Valentin Marotte,VMA,Valentin Marotte,VMA,1.0,0.92,OK,
2024-05-05,20240505.csv,1,20240505_R1_DRO_NSE,Daniel Rozenberg,DRO,Nicolas Sekri,NSE,4.85,4.79,172.0,160.0,Nicolas Sekri,NSE,Nicolas Sekri,NSE,1.0,0.06,OK,
2024-05-05,20240505.csv,1,20240505_R1_EGU_SKO,Eric Guedj,EGU,Steeve Korn,SKO,6.08,7.49,89.0,99.0,Eric Guedj,EGU,Eric Guedj,EGU,1.0,1.41,OK,
2024-05-05,20240505.csv,1,20240505_R1_FTO_KUN,Franck Touboul,FTO,Kévin Unger,KUN,7.96,7.07,117.0,101.0,Franck Touboul,FTO,Kévin Unger,KUN,0.0,0.89,OK,
2024-05-05,20240505.csv,1,20240505_R1_JMA_SPA,James MacNaughtan,JMA,Sarah Partouche,SPA,7.57,15.31,112.0,115.0,James MacNaughtan,JMA,James MacNaughtan,JMA,1.0,7.74,OK,
2024-05-05,20240505.csv,1,20240505_R1_KGU_NHA,Kamel Guerbaa,KGU,Nicolas Harmand,NHA,5.57,4.93,118.0,130.0,Nicolas Harmand,NHA,Nicolas Harmand,NHA,1.0,0.64,OK,
2024-05-05,20240505.csv,1,20240505_R1_STA_WBE,Sami Tamim,STA,Wil Benotmane,WBE,9.36,11.53,60.0,63.0,Sami Tamim,STA,Sami Tamim,STA,1.0,2.17,OK,
2024-05-05,20240505.csv,2,20240505_R2_AKO_SPA,Anthony Korn,AKO,Sarah Partouche,SPA,8.69,15.67,71.0,68.0,Anthony Korn,AKO,Anthony Korn,AKO,1.0,6.98,OK,
2024-05-05,20240505.csv,2,20240505_R2_CDA_DRO,Csaba Daday,CDA,Daniel Rozenberg,DRO,6.82,7.37,129.0,147.0,Daniel Rozenberg,DRO,Csaba Daday,CDA,0.0,0.55,OK,
2024-05-05,20240505.csv,2,20240505_R2_EGU_STA,Eric Guedj,EGU,Sami Tamim,STA,3.58,10.36,76.0,99.0,Eric Guedj,EGU,Eric Guedj,EGU,1.0,6.78,OK,
2024-05-05,20240505.csv,2,20240505_R2_FTO_NSE,Franck Touboul,FTO,Nicolas Sekri,NSE,9.49,6.33,160.0,194.0,Franck Touboul,FTO,Nicolas Sekri,NSE,0.0,3.16,OK,
2024-05-05,20240505.csv,2,20240505_R2_JMA_WBE,James MacNaughtan,JMA,Wil Benotmane,WBE,7.5,9.43,130.0,152.0,Wil Benotmane,WBE,James MacNaughtan,JMA,0.0,1.93,OK,
2024-05-05,20240505.csv,2,20240505_R2_KGU_KUN,Kamel Guerbaa,KGU,Kévin Unger,KUN,9.6,5.98,114.0,118.0,Kévin Unger,KUN,Kévin Unger,KUN,1.0,3.62,OK,
2024-05-05,20240505.csv,2,20240505_R2_MWA_NHA,Marc Wainberg,MWA,Nicolas Harmand,NHA,8.0,6.76,146.0,138.0,Marc Wainberg,MWA,Nicolas Harmand,NHA,0.0,1.24,OK,
2024-05-05,20240505.csv,2,20240505_R2_SKO_VMA,Steeve Korn,SKO,Valentin Marotte,VMA,4.81,7.67,143.0,191.0,Steeve Korn,SKO,Steeve Korn,SKO,1.0,2.86,OK,
2024-05-05,20240505.csv,3,20240505_R3_AKO_WBE,Anthony Korn,AKO,Wil Benotmane,WBE,4.12,8.62,77.0,47.0,Anthony Korn,AKO,Anthony Korn,AKO,1.0,4.5,OK,
2024-05-05,20240505.csv,3,20240505_R3_CDA_FTO,Csaba Daday,CDA,Franck Touboul,FTO,5.43,6.07,64.0,59.0,Franck Touboul,FTO,Csaba Daday,CDA,0.0,0.64,OK,
2024-05-05,20240505.csv,3,20240505_R3_DRO_SKO,Daniel Rozenberg,DRO,Steeve Korn,SKO,5.97,6.34,146.0,146.0,Steeve Korn,SKO,Daniel Rozenberg,DRO,0.0,0.37,OK,
2024-05-05,20240505.csv,3,20240505_R3_EGU_JMA,Eric Guedj,EGU,James MacNaughtan,JMA,3.59,7.96,88.0,94.0,James MacNaughtan,JMA,Eric Guedj,EGU,0.0,4.37,OK,
2024-05-05,20240505.csv,3,20240505_R3_KGU_NSE,Kamel Guerbaa,KGU,Nicolas Sekri,NSE,8.82,8.52,60.0,60.0,Kamel Guerbaa,KGU,Nicolas Sekri,NSE,0.0,0.3,OK,
2024-05-05,20240505.csv,3,20240505_R3_KUN_MWA,Kévin Unger,KUN,Marc Wainberg,MWA,9.17,11.28,117.0,126.0,Kévin Unger,KUN,Kévin Unger,KUN,1.0,2.11,OK,
2024-05-05,20240505.csv,3,20240505_R3_NHA_SPA,Nicolas Harmand,NHA,Sarah Partouche,SPA,4.92,14.14,52.0,54.0,Sarah Partouche,SPA,Nicolas Harmand,NHA,0.0,9.22,OK,
2024-05-05,20240505.csv,3,20240505_R3_STA_VMA,Sami Tamim,STA,Valentin Marotte,VMA,16.92,5.77,140.0,134.0,Valentin Marotte,VMA,Valentin Marotte,VMA,1.0,11.15,OK,
2024-05-05,20240505.csv,4,20240505_R4_AKO_EGU,Anthony Korn,AKO,Eric Guedj,EGU,9.5,1.96,103.0,99.0,Anthony Korn,AKO,Eric Guedj,EGU,0.0,7.54,OK,
2024-05-05,20240505.csv,4,20240505_R4_CDA_KGU,Csaba Daday,CDA,Kamel Guerbaa,KGU,10.1,7.49,124.0,121.0,Kamel Guerbaa,KGU,Kamel Guerbaa,KGU,1.0,2.61,OK,
2024-05-05,20240505.csv,4,20240505_R4_DRO_STA,Daniel Rozenberg,DRO,Sami Tamim,STA,6.62,6.4,122.0,134.0,Sami Tamim,STA,Sami Tamim,STA,1.0,0.22,OK,
2024-05-05,20240505.csv,4,20240505_R4_FTO_SKO,Franck Touboul,FTO,Steeve Korn,SKO,9.11,4.3,144.0,135.0,Franck Touboul,FTO,Steeve Korn,SKO,0.0,4.81,OK,
2024-05-05,20240505.csv,4,20240505_R4_JMA_VMA,James MacNaughtan,JMA,Valentin Marotte,VMA,4.91,5.64,137.0,138.0,Valentin Marotte,VMA,James MacNaughtan,JMA,0.0,0.73,OK,
2024-05-05,20240505.csv,4,20240505_R4_KUN_SPA,Kévin Unger,KUN,Sarah Partouche,SPA,8.8,12.78,124.0,129.0,Sarah Partouche,SPA,Kévin Unger,KUN,0.0,3.98,OK,
2024-05-05,20240505.csv,4,20240505_R4_MWA_NSE,Marc Wainberg,MWA,Nicolas Sekri,NSE,7.01,8.22,107.0,134.0,Nicolas Sekri,NSE,Marc Wainberg,MWA,0.0,1.21,OK,
2024-05-05,20240505.csv,4,20240505_R4_NHA_WBE,Nicolas Harmand,NHA,Wil Benotmane,WBE,7.36,11.68,54.0,61.0,Wil Benotmane,WBE,Nicolas Harmand,NHA,0.0,4.32,OK,
2024-05-05,20240505.csv,5,20240505_R5_AKO_VMA,Anthony Korn,AKO,Valentin Marotte,VMA,7.62,4.72,72.0,76.0,Anthony Korn,AKO,Valentin Marotte,VMA,0.0,2.9,OK,
2024-05-05,20240505.csv,5,20240505_R5_CDA_MWA,Csaba Daday,CDA,Marc Wainberg,MWA,4.89,10.71,72.0,43.0,Csaba Daday,CDA,Csaba Daday,CDA,1.0,5.82,OK,
2024-05-05,20240505.csv,5,20240505_R5_DRO_JMA,Daniel Rozenberg,DRO,James MacNaughtan,JMA,11.68,7.25,67.0,70.0,Daniel Rozenberg,DRO,James MacNaughtan,JMA,0.0,4.43,OK,
2024-05-05,20240505.csv,5,20240505_R5_EGU_NHA,Eric Guedj,EGU,Nicolas Harmand,NHA,4.89,8.77,121.0,106.0,Eric Guedj,EGU,Eric Guedj,EGU,1.0,3.88,OK,
2024-05-05,20240505.csv,5,20240505_R5_FTO_STA,Franck Touboul,FTO,Sami Tamim,STA,17.71,29.7,93.0,86.0,Franck Touboul,FTO,Franck Touboul,FTO,1.0,11.99,OK,
2024-05-05,20240505.csv,5,20240505_R5_KGU_SKO,Kamel Guerbaa,KGU,Steeve Korn,SKO,11.3,19.45,79.0,65.0,Steeve Korn,SKO,Kamel Guerbaa,KGU,0.0,8.15,OK,
2024-05-05,20240505.csv,5,20240505_R5_KUN_WBE,Kévin Unger,KUN,Wil Benotmane,WBE,4.68,8.63,181.0,191.0,Wil Benotmane,WBE,Kévin Unger,KUN,0.0,3.95,OK,
2024-05-05,20240505.csv,5,20240505_R5_NSE_SPA,Nicolas Sekri,NSE,Sarah Partouche,SPA,5.98,11.18,91.0,84.0,Nicolas Sekri,NSE,Nicolas Sekri,NSE,1.0,5.2,OK,
2024-07-07,20240707.csv,1,20240707_R1_AKO_NSE,Anthony Korn,AKO,Nicolas Sekri,NSE,9.57,5.8,110.0,106.0,Nicolas Sekri,NSE,Nicolas Sekri,NSE,1.0,3.77,OK,
2024-07-07,20240707.csv,1,20240707_R1_AntoineBlond_KGU,Antoine Blond,,Kamel Guerbaa,KGU,3.04,6.62,145.0,141.0,Antoine Blond,,Antoine Blond,,1.0,3.58,OK,
2024-07-07,20240707.csv,1,20240707_R1_CDA_EricMaillebiau,Csaba Daday,CDA,Eric Maillebiau,,10.54,2.3,91.0,87.0,Eric Maillebiau,,Eric Maillebiau,,1.0,8.24,OK,
2024-07-07,20240707.csv,1,20240707_R1_DFR_VFR,David Freidenberg,DFR,Vincent Frilley,VFR,13.99,15.62,52.0,41.0,Vincent Frilley,VFR,David Freidenberg,DFR,0.0,1.63,OK,
2024-07-07,20240707.csv,1,20240707_R1_KUB_MWA,Gildas Bouilland,KUB,Marc Wainberg,MWA,7.51,8.62,102.0,92.0,Gildas Bouilland,KUB,Gildas Bouilland,KUB,1.0,1.11,OK,
2024-07-07,20240707.csv,1,20240707_R1_IGU_WBE,Ibrahima Guillard,IGU,Wil Benotmane,WBE,4.58,5.99,138.0,123.0,Ibrahima Guillard,IGU,Ibrahima Guillard,IGU,1.0,1.41,OK,
2024-07-07,20240707.csv,1,20240707_R1_JMA_STA,James MacNaughtan,JMA,Sami Tamim,STA,2.2,7.53,72.0,67.0,Sami Tamim,STA,James MacNaughtan,JMA,0.0,5.33,OK,
2024-07-07,20240707.csv,1,20240707_R1_SKO_SPA,Steeve Korn,SKO,Sarah Partouche,SPA,4.17,5.6,45.0,44.0,Sarah Partouche,SPA,Steeve Korn,SKO,0.0,1.43,OK,
2024-07-07,20240707.csv,2,20240707_R2_AKO_KUB,Anthony Korn,AKO,Gildas Bouilland,KUB,6.9,4.46,89.0,93.0,Gildas Bouilland,KUB,Gildas Bouilland,KUB,1.0,2.44,OK,
2024-07-07,20240707.csv,2,20240707_R2_AntoineBlond_EricMaillebiau,Antoine Blond,,Eric Maillebiau,,8.05,6.69,89.0,90.0,Eric Maillebiau,,Eric Maillebiau,,1.0,1.36,OK,
2024-07-07,20240707.csv,2,20240707_R2_CDA_SPA,Csaba Daday,CDA,Sarah Partouche,SPA,6.34,12.74,87.0,88.0,Csaba Daday,CDA,Csaba Daday,CDA,1.0,6.4,OK,
2024-07-07,20240707.csv,2,20240707_R2_DFR_NSE,David Freidenberg,DFR,Nicolas Sekri,NSE,7.22,4.49,111.0,110.0,David Freidenberg,DFR,Nicolas Sekri,NSE,0.0,2.73,OK,
2024-07-07,20240707.csv,2,20240707_R2_IGU_MWA,Ibrahima Guillard,IGU,Marc Wainberg,MWA,11.93,13.98,142.0,147.0,Ibrahima Guillard,IGU,Ibrahima Guillard,IGU,1.0,2.05,OK,
2024-07-07,20240707.csv,2,20240707_R2_JMA_KGU,James MacNaughtan,JMA,Kamel Guerbaa,KGU,8.48,9.6,141.0,151.0,Kamel Guerbaa,KGU,James MacNaughtan,JMA,0.0,1.12,OK,
2024-07-07,20240707.csv,2,20240707_R2_SKO_STA,Steeve Korn,SKO,Sami Tamim,STA,7.57,14.72,103.0,123.0,Sami Tamim,STA,Steeve Korn,SKO,0.0,7.15,OK,
2024-07-07,20240707.csv,2,20240707_R2_VFR_WBE,Vincent Frilley,VFR,Wil Benotmane,WBE,7.2,11.22,85.0,81.0,Vincent Frilley,VFR,Vincent Frilley,VFR,1.0,4.02,OK,
2024-07-07,20240707.csv,3,20240707_R3_AKO_IGU,Anthony Korn,AKO,Ibrahima Guillard,IGU,7.91,3.77,108.0,78.0,Anthony Korn,AKO,Ibrahima Guillard,IGU,0.0,4.14,OK,
2024-07-07,20240707.csv,3,20240707_R3_AntoineBlond_SPA,Antoine Blond,,Sarah Partouche,SPA,6.0,11.99,146.0,132.0,Antoine Blond,,Antoine Blond,,1.0,5.99,OK,
2024-07-07,20240707.csv,3,20240707_R3_CDA_STA,Csaba Daday,CDA,Sami Tamim,STA,5.5,8.81,74.0,130.0,Sami Tamim,STA,Csaba Daday,CDA,0.0,3.31,OK,
2024-07-07,20240707.csv,3,20240707_R3_DFR_SKO,David Freidenberg,DFR,Steeve Korn,SKO,6.99,8.24,85.0,63.0,David Freidenberg,DFR,David Freidenberg,DFR,1.0,1.25,OK,
2024-07-07,20240707.csv,3,20240707_R3_EricMaillebiau_JMA,Eric Maillebiau,,James MacNaughtan,JMA,7.98,6.32,73.0,77.0,James MacNaughtan,JMA,James MacNaughtan,JMA,1.0,1.66,OK,
2024-07-07,20240707.csv,3,20240707_R3_KUB_WBE,Gildas Bouilland,KUB,Wil Benotmane,WBE,6.95,13.06,105.0,79.0,Gildas Bouilland,KUB,Gildas Bouilland,KUB,1.0,6.11,OK,
2024-07-07,20240707.csv,3,20240707_R3_KGU_NSE,Kamel Guerbaa,KGU,Nicolas Sekri,NSE,5.79,3.59,114.0,104.0,Kamel Guerbaa,KGU,Nicolas Sekri,NSE,0.0,2.2,OK,
2024-07-07,20240707.csv,3,20240707_R3_MWA_VFR,Marc Wainberg,MWA,Vincent Frilley,VFR,8.42,7.56,121.0,100.0,Marc Wainberg,MWA,Vincent Frilley,VFR,0.0,0.86,OK,
2024-07-07,20240707.csv,4,20240707_R4_AKO_VFR,Anthony Korn,AKO,Vincent Frilley,VFR,9.17,10.25,98.0,98.0,Anthony Korn,AKO,Anthony Korn,AKO,1.0,1.08,OK,
2024-07-07,20240707.csv,4,20240707_R4_AntoineBlond_MWA,Antoine Blond,,Marc Wainberg,MWA,9.28,3.35,109.0,98.0,Antoine Blond,,Marc Wainberg,MWA,0.0,5.93,OK,
2024-07-07,20240707.csv,4,20240707_R4_CDA_DFR,Csaba Daday,CDA,David Freidenberg,DFR,9.33,6.46,102.0,78.0,Csaba Daday,CDA,David Freidenberg,DFR,0.0,2.87,OK,
2024-07-07,20240707.csv,4,20240707_R4_EricMaillebiau_NSE,Eric Maillebiau,,Nicolas Sekri,NSE,3.34,1.85,125.0,113.0,Eric Maillebiau,,Nicolas Sekri,NSE,0.0,1.49,OK,
2024-07-07,20240707.csv,4,20240707_R4_IGU_STA,Ibrahima Guillard,IGU,Sami Tamim,STA,7.18,12.91,129.0,126.0,Ibrahima Guillard,IGU,Ibrahima Guillard,IGU,1.0,5.73,OK,
2024-07-07,20240707.csv,4,20240707_R4_JMA_SPA,James MacNaughtan,JMA,Sarah Partouche,SPA,4.01,12.41,82.0,83.0,Sarah Partouche,SPA,James MacNaughtan,JMA,0.0,8.4,OK,
2024-07-07,20240707.csv,4,20240707_R4_KGU_KUB,Kamel Guerbaa,KGU,Gildas Bouilland,KUB,9.52,9.14,152.0,141.0,Gildas Bouilland,KUB,Gildas Bouilland,KUB,1.0,0.38,OK,
2024-07-07,20240707.csv,4,20240707_R4_SKO_WBE,Steeve Korn,SKO,Wil Benotmane,WBE,5.22,10.79,106.0,98.0,Wil Benotmane,WBE,Steeve Korn,SKO,0.0,5.57,OK,
2024-07-07,20240707.csv,5,20240707_R5_AKO_AntoineBlond,Anthony Korn,AKO,Antoine Blond,,7.49,3.72,66.0,65.0,Antoine Blond,,Antoine Blond,,1.0,3.77,OK,
2024-07-07,20240707.csv,5,20240707_R5_CDA_WBE,Csaba Daday,CDA,Wil Benotmane,WBE,6.5,7.52,127.0,156.0,Wil Benotmane,WBE,Csaba Daday,CDA,0.0,1.02,OK,
2024-07-07,20240707.csv,5,20240707_R5_DFR_KUB,David Freidenberg,DFR,Gildas Bouilland,KUB,9.9,6.4,148.0,137.0,Gildas Bouilland,KUB,Gildas Bouilland,KUB,1.0,3.5,OK,
2024-07-07,20240707.csv,5,20240707_R5_EricMaillebiau_VFR,Eric Maillebiau,,Vincent Frilley,VFR,4.49,12.29,65.0,67.0,Vincent Frilley,VFR,Eric Maillebiau,,0.0,7.8,OK,
2024-07-07,20240707.csv,5,20240707_R5_IGU_JMA,Ibrahima Guillard,IGU,James MacNaughtan,JMA,9.08,4.19,109.0,103.0,Ibrahima Guillard,IGU,James MacNaughtan,JMA,0.0,4.89,OK,
2024-07-07,20240707.csv,5,20240707_R5_KGU_STA,Kamel Guerbaa,KGU,Sami Tamim,STA,19.25,10.81,67.0,84.0,Kamel Guerbaa,KGU,Sami Tamim,STA,0.0,8.44,OK,
2024-07-07,20240707.csv,5,20240707_R5_MWA_SKO,Marc Wainberg,MWA,Steeve Korn,SKO,15.78,15.96,80.0,86.0,Steeve Korn,SKO,Marc Wainberg,MWA,0.0,0.18,OK,
2024-07-07,20240707.csv,5,20240707_R5_NSE_SPA,Nicolas Sekri,NSE,Sarah Partouche,SPA,3.44,16.12,134.0,141.0,Sarah Partouche,SPA,Nicolas Sekri,NSE,0.0,12.68,OK,
2024-09-29,20240929.csv,1,20240929_R1_AKO_SPA,Anthony Korn,AKO,Sarah Partouche,SPA,3.74,20.46,44.0,46.0,Anthony Korn,AKO,Anthony Korn,AKO,1.0,16.72,OK,
2024-09-29,20240929.csv,1,20240929_R1_CDA_OCR,Csaba Daday,CDA,Olivier Croisille,OCR,4.49,5.25,77.0,68.0,Olivier Croisille,OCR,Csaba Daday,CDA,0.0,0.76,OK,
2024-09-29,20240929.csv,1,20240929_R1_DRO_MWA,Daniel Rozenberg,DRO,Marc Wainberg,MWA,8.32,10.28,72.0,105.0,Marc Wainberg,MWA,Daniel Rozenberg,DRO,0.0,1.96,OK,
2024-09-29,20240929.csv,1,20240929_R1_EBA_STA,Elias Baltassis,EBA,Sami Tamim,STA,19.22,12.2,128.0,107.0,Sami Tamim,STA,Sami Tamim,STA,1.0,7.02,OK,
2024-09-29,20240929.csv,1,20240929_R1_EBE_MLE,Eric Bénichou,EBE,Marc Le Campion,MLE,4.11,8.42,80.0,83.0,Marc Le Campion,MLE,Eric Bénichou,EBE,0.0,4.31,OK,
2024-09-29,20240929.csv,1,20240929_R1_EGU_NSE,Eric Guedj,EGU,Nicolas Sekri,NSE,3.22,5.09,151.0,165.0,Eric Guedj,EGU,Eric Guedj,EGU,1.0,1.87,OK,
2024-09-29,20240929.csv,1,20240929_R1_FTO_NHA,Franck Touboul,FTO,Nicolas Harmand,NHA,12.11,3.68,76.0,61.0,Franck Touboul,FTO,Nicolas Harmand,NHA,0.0,8.43,OK,
2024-09-29,20240929.csv,1,20240929_R1_KGU_KUN,Kamel Guerbaa,KGU,Kévin Unger,KUN,8.05,4.35,105.0,69.0,Kamel Guerbaa,KGU,Kévin Unger,KUN,0.0,3.7,OK,
2024-09-29,20240929.csv,2,20240929_R2_AKO_EBA,Anthony Korn,AKO,Elias Baltassis,EBA,9.82,6.84,106.0,103.0,Elias Baltassis,EBA,Elias Baltassis,EBA,1.0,2.98,OK,
2024-09-29,20240929.csv,2,20240929_R2_CDA_SPA,Csaba Daday,CDA,Sarah Partouche,SPA,5.46,13.11,112.0,118.0,Csaba Daday,CDA,Csaba Daday,CDA,1.0,7.65,OK,
2024-09-29,20240929.csv,2,20240929_R2_DRO_OCR,Daniel Rozenberg,DRO,Olivier Croisille,OCR,5.51,6.35,155.0,127.0,Daniel Rozenberg,DRO,Daniel Rozenberg,DRO,1.0,0.84,OK,
2024-09-29,20240929.csv,2,20240929_R2_EBE_MWA,Eric Bénichou,EBE,Marc Wainberg,MWA,5.17,10.04,135.0,123.0,Eric Bénichou,EBE,Eric Bénichou,EBE,1.0,4.87,OK,
2024-09-29,20240929.csv,2,20240929_R2_EGU_STA,Eric Guedj,EGU,Sami Tamim,STA,6.77,10.68,153.0,192.0,Eric Guedj,EGU,Eric Guedj,EGU,1.0,3.91,OK,
2024-09-29,20240929.csv,2,20240929_R2_FTO_NSE,Franck Touboul,FTO,Nicolas Sekri,NSE,13.9,7.42,129.0,156.0,Franck Touboul,FTO,Nicolas Sekri,NSE,0.0,6.48,OK,
2024-09-29,20240929.csv,2,20240929_R2_KGU_NHA,Kamel Guerbaa,KGU,Nicolas Harmand,NHA,9.99,8.91,95.0,88.0,Nicolas Harmand,NHA,Nicolas Harmand,NHA,1.0,1.08,OK,
2024-09-29,20240929.csv,2,20240929_R2_KUN_MLE,Kévin Unger,KUN,Marc Le Campion,MLE,7.12,9.29,125.0,127.0,Kévin Unger,KUN,Kévin Unger,KUN,1.0,2.17,OK,
2024-09-29,20240929.csv,3,20240929_R3_AKO_EGU,Anthony Korn,AKO,Eric Guedj,EGU,6.25,4.75,141.0,114.0,Eric Guedj,EGU,Eric Guedj,EGU,1.0,1.5,OK,
2024-09-29,20240929.csv,3,20240929_R3_CDA_EBA,Csaba Daday,CDA,Elias Baltassis,EBA,13.27,18.05,136.0,130.0,Csaba Daday,CDA,Csaba Daday,CDA,1.0,4.78,OK,
2024-09-29,20240929.csv,3,20240929_R3_DRO_SPA,Daniel Rozenberg,DRO,Sarah Partouche,SPA,9.25,37.12,50.0,45.0,Daniel Rozenberg,DRO,Daniel Rozenberg,DRO,1.0,27.87,OK,
2024-09-29,20240929.csv,3,20240929_R3_EBE_OCR,Eric Bénichou,EBE,Olivier Croisille,OCR,6.13,5.62,133.0,124.0,Olivier Croisille,OCR,Olivier Croisille,OCR,1.0,0.51,OK,
2024-09-29,20240929.csv,3,20240929_R3_FTO_STA,Franck Touboul,FTO,Sami Tamim,STA,17.34,8.29,109.0,127.0,Franck Touboul,FTO,Sami Tamim,STA,0.0,9.05,OK,
2024-09-29,20240929.csv,3,20240929_R3_KGU_NSE,Kamel Guerbaa,KGU,Nicolas Sekri,NSE,23.43,7.67,37.0,50.0,Nicolas Sekri,NSE,Nicolas Sekri,NSE,1.0,15.76,OK,
2024-09-29,20240929.csv,3,20240929_R3_KUN_MWA,Kévin Unger,KUN,Marc Wainberg,MWA,7.21,2.64,157.0,137.0,Kévin Unger,KUN,Marc Wainberg,MWA,0.0,4.57,OK,
2024-09-29,20240929.csv,3,20240929_R3_MLE_NHA,Marc Le Campion,MLE,Nicolas Harmand,NHA,10.61,7.53,100.0,96.0,Nicolas Harmand,NHA,Nicolas Harmand,NHA,1.0,3.08,OK,
2024-09-29,20240929.csv,4,20240929_R4_AKO_FTO,Anthony Korn,AKO,Franck Touboul,FTO,9.26,10.28,177.0,177.0,Franck Touboul,FTO,Anthony Korn,AKO,0.0,1.02,OK,
2024-09-29,20240929.csv,4,20240929_R4_CDA_EGU,Csaba Daday,CDA,Eric Guedj,EGU,2.86,6.06,83.0,80.0,Eric Guedj,EGU,Csaba Daday,CDA,0.0,3.2,OK,
2024-09-29,20240929.csv,4,20240929_R4_DRO_EBA,Daniel Rozenberg,DRO,Elias Baltassis,EBA,7.35,12.25,177.0,154.0,Daniel Rozenberg,DRO,Daniel Rozenberg,DRO,1.0,4.9,OK,
2024-09-29,20240929.csv,4,20240929_R4_EBE_SPA,Eric Bénichou,EBE,Sarah Partouche,SPA,4.83,9.63,87.0,80.0,Eric Bénichou,EBE,Eric Bénichou,EBE,1.0,4.8,OK,
2024-09-29,20240929.csv,4,20240929_R4_KGU_STA,Kamel Guerbaa,KGU,Sami Tamim,STA,8.45,11.06,123.0,113.0,Kamel Guerbaa,KGU,Kamel Guerbaa,KGU,1.0,2.61,OK,
2024-09-29,20240929.csv,4,20240929_R4_KUN_OCR,Kévin Unger,KUN,Olivier Croisille,OCR,6.45,5.05,120.0,115.0,Kévin Unger,KUN,Olivier Croisille,OCR,0.0,1.4,OK,
2024-09-29,20240929.csv,4,20240929_R4_MLE_NSE,Marc Le Campion,MLE,Nicolas Sekri,NSE,6.56,6.08,102.0,114.0,Nicolas Sekri,NSE,Nicolas Sekri,NSE,1.0,0.48,OK,
2024-09-29,20240929.csv,4,20240929_R4_MWA_NHA,Marc Wainberg,MWA,Nicolas Harmand,NHA,9.61,5.48,129.0,116.0,Nicolas Harmand,NHA,Nicolas Harmand,NHA,1.0,4.13,OK,
2024-09-29,20240929.csv,5,20240929_R5_AKO_MLE,Anthony Korn,AKO,Marc Le Campion,MLE,5.5,11.81,86.0,81.0,Anthony Korn,AKO,Anthony Korn,AKO,1.0,6.31,OK,
2024-09-29,20240929.csv,5,20240929_R5_CDA_KGU,Csaba Daday,CDA,Kamel Guerbaa,KGU,18.29,11.89,112.0,107.0,Csaba Daday,CDA,Kamel Guerbaa,KGU,0.0,6.4,OK,
2024-09-29,20240929.csv,5,20240929_R5_DRO_FTO,Daniel Rozenberg,DRO,Franck Touboul,FTO,7.67,17.93,76.0,66.0,Daniel Rozenberg,DRO,Daniel Rozenberg,DRO,1.0,10.26,OK,
2024-09-29,20240929.csv,5,20240929_R5_EBA_KUN,Elias Baltassis,EBA,Kévin Unger,KUN,12.2,8.05,155.0,154.0,Elias Baltassis,EBA,Kévin Unger,KUN,0.0,4.15,OK,
2024-09-29,20240929.csv,5,20240929_R5_EBE_EGU,Eric Bénichou,EBE,Eric Guedj,EGU,1.26,2.1,132.0,129.0,Eric Bénichou,EBE,Eric Bénichou,EBE,1.0,0.84,OK,
2024-09-29,20240929.csv,5,20240929_R5_MWA_STA,Marc Wainberg,MWA,Sami Tamim,STA,7.81,8.58,134.0,114.0,Sami Tamim,STA,Marc Wainberg,MWA,0.0,0.77,OK,
2024-09-29,20240929.csv,5,20240929_R5_NHA_SPA,Nicolas Harmand,NHA,Sarah Partouche,SPA,1.82,7.34,69.0,50.0,Nicolas Harmand,NHA,Nicolas Harmand,NHA,1.0,5.52,OK,
2024-09-29,20240929.csv,5,20240929_R5_NSE_OCR,Nicolas Sekri,NSE,Olivier Croisille,OCR,5.87,3.02,147.0,129.0,Olivier Croisille,OCR,Olivier Croisille,OCR,1.0,2.85,OK,
2024-11-17,20241117.csv,1,20241117_R1_EBA_KUN,Elias Baltassis,EBA,Kévin Unger,KUN,12.2,9.76,171.0,164.0,Kévin Unger,KUN,Kévin Unger,KUN,1.0,2.44,OK,
2024-11-17,20241117.csv,1,20241117_R1_EBE_MLE,Eric Bénichou,EBE,Marc Le Campion,MLE,3.73,14.1,81.0,67.0,Eric Bénichou,EBE,Eric Bénichou,EBE,1.0,10.37,OK,
2024-11-17,20241117.csv,1,20241117_R1_KUB_PCO,Gildas Bouilland,KUB,Paul Courtois,PCO,4.23,20.3,170.0,152.0,Gildas Bouilland,KUB,Gildas Bouilland,KUB,1.0,16.07,OK,
2024-11-17,20241117.csv,1,20241117_R1_JMA_OCR,James MacNaughtan,JMA,Olivier Croisille,OCR,6.52,8.35,122.0,98.0,James MacNaughtan,JMA,James MacNaughtan,JMA,1.0,1.83,OK,
2024-11-17,20241117.csv,1,20241117_R1_NHA_OFU,Nicolas Harmand,NHA,Oscar Fuchs,OFU,8.14,5.7,55.0,46.0,Nicolas Harmand,NHA,Oscar Fuchs,OFU,0.0,2.44,OK,
2024-11-17,20241117.csv,1,20241117_R1_NSE_STA,Nicolas Sekri,NSE,Sami Tamim,STA,4.77,14.36,120.0,119.0,Nicolas Sekri,NSE,Nicolas Sekri,NSE,1.0,9.59,OK,
2024-11-17,20241117.csv,2,20241117_R2_EBA_JMA,Elias Baltassis,EBA,James MacNaughtan,JMA,12.55,6.41,84.0,80.0,Elias Baltassis,EBA,James MacNaughtan,JMA,0.0,6.14,OK,
2024-11-17,20241117.csv,2,20241117_R2_EBE_OCR,Eric Bénichou,EBE,Olivier Croisille,OCR,4.52,2.05,108.0,105.0,Eric Bénichou,EBE,Olivier Croisille,OCR,0.0,2.47,OK,
2024-11-17,20241117.csv,2,20241117_R2_KUB_MLE,Gildas Bouilland,KUB,Marc Le Campion,MLE,5.26,14.15,106.0,105.0,Gildas Bouilland,KUB,Gildas Bouilland,KUB,1.0,8.89,OK,
2024-11-17,20241117.csv,2,20241117_R2_KUN_STA,Kévin Unger,KUN,Sami Tamim,STA,9.68,14.49,105.0,136.0,Sami Tamim,STA,Kévin Unger,KUN,0.0,4.81,OK,
2024-11-17,20241117.csv,2,20241117_R2_NHA_PCO,Nicolas Harmand,NHA,Paul Courtois,PCO,6.84,17.93,121.0,133.0,Nicolas Harmand,NHA,Nicolas Harmand,NHA,1.0,11.09,OK,
2024-11-17,20241117.csv,2,20241117_R2_NSE_OFU,Nicolas Sekri,NSE,Oscar Fuchs,OFU,5.63,5.46,148.0,150.0,Nicolas Sekri,NSE,Oscar Fuchs,OFU,0.0,0.17,OK,
2024-11-17,20241117.csv,3,20241117_R3_EBA_EBE,Elias Baltassis,EBA,Eric Bénichou,EBE,14.18,5.28,75.0,74.0,Eric Bénichou,EBE,Eric Bénichou,EBE,1.0,8.9,OK,
2024-11-17,20241117.csv,3,20241117_R3_KUB_OCR,Gildas Bouilland,KUB,Olivier Croisille,OCR,7.3,3.65,172.0,169.0,Olivier Croisille,OCR,Olivier Croisille,OCR,1.0,3.65,OK,
2024-11-17,20241117.csv,3,20241117_R3_JMA_STA,James MacNaughtan,JMA,Sami Tamim,STA,3.94,6.92,68.0,45.0,James MacNaughtan,JMA,James MacNaughtan,JMA,1.0,2.98,OK,
2024-11-17,20241117.csv,3,20241117_R3_KUN_OFU,Kévin Unger,KUN,Oscar Fuchs,OFU,6.05,5.14,185.0,163.0,Kévin Unger,KUN,Oscar Fuchs,OFU,0.0,0.91,OK,
2024-11-17,20241117.csv,3,20241117_R3_MLE_NHA,Marc Le Campion,MLE,Nicolas Harmand,NHA,13.83,7.95,89.0,89.0,Marc Le Campion,MLE,Nicolas Harmand,NHA,0.0,5.88,OK,
2024-11-17,20241117.csv,3,20241117_R3_NSE_PCO,Nicolas Sekri,NSE,Paul Courtois,PCO,4.9,25.72,138.0,150.0,Paul Courtois,PCO,Nicolas Sekri,NSE,0.0,20.82,OK,
2024-11-17,20241117.csv,4,20241117_R4_EBA_KUB,Elias Baltassis,EBA,Gildas Bouilland,KUB,19.78,11.18,153.0,137.0,Gildas Bouilland,KUB,Gildas Bouilland,KUB,1.0,8.6,OK,
2024-11-17,20241117.csv,4,20241117_R4_EBE_STA,Eric Bénichou,EBE,Sami Tamim,STA,4.54,7.76,115.0,109.0,Eric Bénichou,EBE,Eric Bénichou,EBE,1.0,3.22,OK,
2024-11-17,20241117.csv,4,20241117_R4_JMA_OFU,James MacNaughtan,JMA,Oscar Fuchs,OFU,2.96,8.59,108.0,116.0,James MacNaughtan,JMA,James MacNaughtan,JMA,1.0,5.63,OK,
2024-11-17,20241117.csv,4,20241117_R4_KUN_PCO,Kévin Unger,KUN,Paul Courtois,PCO,7.08,10.25,114.0,135.0,Kévin Unger,KUN,Kévin Unger,KUN,1.0,3.17,OK,
2024-11-17,20241117.csv,4,20241117_R4_MLE_NSE,Marc Le Campion,MLE,Nicolas Sekri,NSE,11.18,4.14,71.0,65.0,Marc Le Campion,MLE,Nicolas Sekri,NSE,0.0,7.04,OK,
2024-11-17,20241117.csv,4,20241117_R4_NHA_OCR,Nicolas Harmand,NHA,Olivier Croisille,OCR,7.39,7.13,114.0,127.0,Olivier Croisille,OCR,Olivier Croisille,OCR,1.0,0.26,OK,
2024-11-17,20241117.csv,5,20241117_R5_EBA_NHA,Elias Baltassis,EBA,Nicolas Harmand,NHA,10.41,5.01,158.0,168.0,Nicolas Harmand,NHA,Nicolas Harmand,NHA,1.0,5.4,OK,
2024-11-17,20241117.csv,5,20241117_R5_EBE_OFU,Eric Bénichou,EBE,Oscar Fuchs,OFU,4.44,5.83,132.0,116.0,Eric Bénichou,EBE,Eric Bénichou,EBE,1.0,1.39,OK,
2024-11-17,20241117.csv,5,20241117_R5_KUB_STA,Gildas Bouilland,KUB,Sami Tamim,STA,6.81,15.55,138.0,145.0,Gildas Bouilland,KUB,Gildas Bouilland,KUB,1.0,8.74,OK,
2024-11-17,20241117.csv,5,20241117_R5_JMA_PCO,James MacNaughtan,JMA,Paul Courtois,PCO,4.27,45.69,99.0,132.0,James MacNaughtan,JMA,James MacNaughtan,JMA,1.0,41.42,OK,
2024-11-17,20241117.csv,5,20241117_R5_KUN_MLE,Kévin Unger,KUN,Marc Le Campion,MLE,5.02,8.59,92.0,114.0,Marc Le Campion,MLE,Kévin Unger,KUN,0.0,3.57,OK,
2024-11-17,20241117.csv,5,20241117_R5_NSE_OCR,Nicolas Sekri,NSE,Olivier Croisille,OCR,4.74,3.05,113.0,108.0,Olivier Croisille,OCR,Olivier Croisille,OCR,1.0,1.69,OK,
2025-02-09,20250209.csv,1,20250209_R1_AKO_KGU,Anthony Korn,AKO,Kamel Guerbaa,KGU,2.83,10.64,50.0,36.0,Anthony Korn,AKO,Anthony Korn,AKO,1.0,7.81,OK,
2025-02-09,20250209.csv,1,20250209_R1_CDA_OCR,Csaba Daday,CDA,Olivier Croisille,OCR,8.57,3.88,135.0,129.0,Csaba Daday,CDA,Olivier Croisille,OCR,0.0,4.69,OK,
2025-02-09,20250209.csv,1,20250209_R1_DRO_JMA,Daniel Rozenberg,DRO,James MacNaughtan,JMA,6.9,4.92,45.0,61.0,James MacNaughtan,JMA,James MacNaughtan,JMA,1.0,1.98,OK,
2025-02-09,20250209.csv,1,20250209_R1_EBA_NSE,Elias Baltassis,EBA,Nicolas Sekri,NSE,14.22,3.35,154.0,145.0,Nicolas Sekri,NSE,Nicolas Sekri,NSE,1.0,10.87,OK,
2025-02-09,20250209.csv,1,20250209_R1_KUB_LSC,Gildas Bouilland,KUB,Louis Schirvanian,LSC,5.26,18.76,114.0,125.0,Gildas Bouilland,KUB,Gildas Bouilland,KUB,1.0,13.5,OK,
2025-02-09,20250209.csv,1,20250209_R1_MWA_NHA,Marc Wainberg,MWA,Nicolas Harmand,NHA,6.95,8.28,100.0,76.0,Marc Wainberg,MWA,Marc Wainberg,MWA,1.0,1.33,OK,
2025-02-09,20250209.csv,1,20250209_R1_SPA_STA,Sarah Partouche,SPA,Sami Tamim,STA,13.17,7.57,111.0,88.0,Sami Tamim,STA,Sami Tamim,STA,1.0,5.6,OK,
2025-02-09,20250209.csv,2,20250209_R2_AKO_OCR,Anthony Korn,AKO,Olivier Croisille,OCR,7.26,3.07,150.0,153.0,Anthony Korn,AKO,Olivier Croisille,OCR,0.0,4.19,OK,
2025-02-09,20250209.csv,2,20250209_R2_CDA_LSC,Csaba Daday,CDA,Louis Schirvanian,LSC,5.67,11.96,87.0,93.0,Louis Schirvanian,LSC,Csaba Daday,CDA,0.0,6.29,OK,
2025-02-09,20250209.csv,2,20250209_R2_DRO_EBA,Daniel Rozenberg,DRO,Elias Baltassis,EBA,3.04,21.07,57.0,55.0,Daniel Rozenberg,DRO,Daniel Rozenberg,DRO,1.0,18.03,OK,
2025-02-09,20250209.csv,2,20250209_R2_KUB_MWA,Gildas Bouilland,KUB,Marc Wainberg,MWA,6.11,7.45,184.0,154.0,Gildas Bouilland,KUB,Gildas Bouilland,KUB,1.0,1.34,OK,
2025-02-09,20250209.csv,2,20250209_R2_JMA_NHA,James MacNaughtan,JMA,Nicolas Harmand,NHA,4.04,3.71,22.0,25.0,Nicolas Harmand,NHA,Nicolas Harmand,NHA,1.0,0.33,OK,
2025-02-09,20250209.csv,2,20250209_R2_KGU_STA,Kamel Guerbaa,KGU,Sami Tamim,STA,4.99,7.55,111.0,118.0,Sami Tamim,STA,Kamel Guerbaa,KGU,0.0,2.56,OK,
2025-02-09,20250209.csv,2,20250209_R2_NSE_SPA,Nicolas Sekri,NSE,Sarah Partouche,SPA,4.65,6.34,35.0,44.0,Sarah Partouche,SPA,Nicolas Sekri,NSE,0.0,1.69,OK,
2025-02-09,20250209.csv,3,20250209_R3_AKO_SPA,Anthony Korn,AKO,Sarah Partouche,SPA,6.47,21.55,32.0,34.0,Anthony Korn,AKO,Anthony Korn,AKO,1.0,15.08,OK,
2025-02-09,20250209.csv,3,20250209_R3_CDA_JMA,Csaba Daday,CDA,James MacNaughtan,JMA,6.73,11.09,49.0,53.0,James MacNaughtan,JMA,Csaba Daday,CDA,0.0,4.36,OK,
2025-02-09,20250209.csv,3,20250209_R3_DRO_KGU,Daniel Rozenberg,DRO,Kamel Guerbaa,KGU,5.05,7.74,138.0,148.0,Kamel Guerbaa,KGU,Daniel Rozenberg,DRO,0.0,2.69,OK,
2025-02-09,20250209.csv,3,20250209_R3_EBA_KUB,Elias Baltassis,EBA,Gildas Bouilland,KUB,,,,,,,,,,,Review,Missing victory flag; Missing BetterPR flag; Missing decisions; Missing PR; Missing equity
2025-02-09,20250209.csv,3,20250209_R3_LSC_NHA,Louis Schirvanian,LSC,Nicolas Harmand,NHA,6.5,2.13,36.0,57.0,Nicolas Harmand,NHA,Nicolas Harmand,NHA,1.0,4.37,OK,
2025-02-09,20250209.csv,3,20250209_R3_MWA_NSE,Marc Wainberg,MWA,Nicolas Sekri,NSE,9.78,4.3,96.0,99.0,Nicolas Sekri,NSE,Nicolas Sekri,NSE,1.0,5.48,OK,
2025-02-09,20250209.csv,3,20250209_R3_OCR_STA,Olivier Croisille,OCR,Sami Tamim,STA,6.51,9.14,109.0,121.0,Olivier Croisille,OCR,Olivier Croisille,OCR,1.0,2.63,OK,
2025-02-09,20250209.csv,4,20250209_R4_AKO_MWA,Anthony Korn,AKO,Marc Wainberg,MWA,3.6,4.24,72.0,67.0,Marc Wainberg,MWA,Anthony Korn,AKO,0.0,0.64,OK,
2025-02-09,20250209.csv,4,20250209_R4_CDA_SPA,Csaba Daday,CDA,Sarah Partouche,SPA,11.01,17.82,62.0,95.0,Sarah Partouche,SPA,Csaba Daday,CDA,0.0,6.81,OK,
2025-02-09,20250209.csv,4,20250209_R4_DRO_LSC,Daniel Rozenberg,DRO,Louis Schirvanian,LSC,4.89,13.33,113.0,127.0,Daniel Rozenberg,DRO,Daniel Rozenberg,DRO,1.0,8.44,OK,
2025-02-09,20250209.csv,4,20250209_R4_EBA_STA,Elias Baltassis,EBA,Sami Tamim,STA,11.76,11.5,97.0,106.0,Sami Tamim,STA,Sami Tamim,STA,1.0,0.26,OK,
2025-02-09,20250209.csv,4,20250209_R4_JMA_NSE,James MacNaughtan,JMA,Nicolas Sekri,NSE,3.07,2.8,55.0,64.0,Nicolas Sekri,NSE,Nicolas Sekri,NSE,1.0,0.27,OK,
2025-02-09,20250209.csv,4,20250209_R4_KGU_KUB,Kamel Guerbaa,KGU,Gildas Bouilland,KUB,3.73,7.1,150.0,126.0,Kamel Guerbaa,KGU,Kamel Guerbaa,KGU,1.0,3.37,OK,
2025-02-09,20250209.csv,4,20250209_R4_NHA_OCR,Nicolas Harmand,NHA,Olivier Croisille,OCR,7.9,3.43,72.0,76.0,Olivier Croisille,OCR,Olivier Croisille,OCR,1.0,4.47,OK,
2025-02-09,20250209.csv,5,20250209_R5_AKO_EBA,Anthony Korn,AKO,Elias Baltassis,EBA,4.55,13.56,135.0,147.0,Anthony Korn,AKO,Anthony Korn,AKO,1.0,9.01,OK,
2025-02-09,20250209.csv,5,20250209_R5_CDA_KGU,Csaba Daday,CDA,Kamel Guerbaa,KGU,10.47,5.56,109.0,106.0,Kamel Guerbaa,KGU,Kamel Guerbaa,KGU,1.0,4.91,OK,
2025-02-09,20250209.csv,5,20250209_R5_DRO_OCR,Daniel Rozenberg,DRO,Olivier Croisille,OCR,4.81,3.82,110.0,83.0,Daniel Rozenberg,DRO,Olivier Croisille,OCR,0.0,0.99,OK,
2025-02-09,20250209.csv,5,20250209_R5_JMA_KUB,James MacNaughtan,JMA,Gildas Bouilland,KUB,3.16,6.43,114.0,101.0,James MacNaughtan,JMA,James MacNaughtan,JMA,1.0,3.27,OK,
2025-02-09,20250209.csv,5,20250209_R5_LSC_NSE,Louis Schirvanian,LSC,Nicolas Sekri,NSE,14.71,5.01,81.0,85.0,Nicolas Sekri,NSE,Nicolas Sekri,NSE,1.0,9.7,OK,
2025-02-09,20250209.csv,5,20250209_R5_MWA_STA,Marc Wainberg,MWA,Sami Tamim,STA,8.89,5.44,115.0,104.0,Sami Tamim,STA,Sami Tamim,STA,1.0,3.45,OK,
2025-02-09,20250209.csv,5,20250209_R5_NHA_SPA,Nicolas Harmand,NHA,Sarah Partouche,SPA,5.95,7.7,99.0,91.0,Nicolas Harmand,NHA,Nicolas Harmand,NHA,1.0,1.75,OK,
2025-03-09,20250309.csv,1,20250309_R1_ABA_NHA,Alain Babillon,ABA,Nicolas Harmand,NHA,7.82,2.04,90.0,85.0,Nicolas Harmand,NHA,Nicolas Harmand,NHA,1.0,5.78,OK,
2025-03-09,20250309.csv,1,20250309_R1_AKO_OCR,Anthony Korn,AKO,Olivier Croisille,OCR,4.49,1.91,96.0,76.0,Anthony Korn,AKO,Olivier Croisille,OCR,0.0,2.58,OK,
2025-03-09,20250309.csv,1,20250309_R1_CDA_JCA,Csaba Daday,CDA,Julien Camurat,JCA,3.4,12.42,139.0,137.0,Csaba Daday,CDA,Csaba Daday,CDA,1.0,9.02,OK,
2025-03-09,20250309.csv,1,20250309_R1_DRO_OFU,Daniel Rozenberg,DRO,Oscar Fuchs,OFU,4.85,5.2,85.0,109.0,Daniel Rozenberg,DRO,Daniel Rozenberg,DRO,1.0,0.35,OK,
2025-03-09,20250309.csv,1,20250309_R1_EBE_MWA,Eric Bénichou,EBE,Marc Wainberg,MWA,4.53,9.49,133.0,107.0,Eric Bénichou,EBE,Eric Bénichou,EBE,1.0,4.96,OK,
2025-03-09,20250309.csv,1,20250309_R1_KUB_NSE,Gildas Bouilland,KUB,Nicolas Sekri,NSE,13.71,4.43,98.0,99.0,Nicolas Sekri,NSE,Nicolas Sekri,NSE,1.0,9.28,OK,
2025-03-09,20250309.csv,1,20250309_R1_JMA_PCO,James MacNaughtan,JMA,Paul Courtois,PCO,6.31,9.26,132.0,150.0,James MacNaughtan,JMA,James MacNaughtan,JMA,1.0,2.95,OK,
2025-03-09,20250309.csv,1,20250309_R1_KGU_MLE,Kamel Guerbaa,KGU,Marc Le Campion,MLE,7.69,9.84,197.0,153.0,Kamel Guerbaa,KGU,Kamel Guerbaa,KGU,1.0,2.15,OK,
2025-03-09,20250309.csv,1,20250309_R1_SBE_STA,Stéphane Bénichou,SBE,Sami Tamim,STA,5.09,9.5,119.0,122.0,Sami Tamim,STA,Stéphane Bénichou,SBE,0.0,4.41,OK,
2025-03-09,20250309.csv,2,20250309_R2_ABA_NSE,Alain Babillon,ABA,Nicolas Sekri,NSE,5.06,4.6,127.0,93.0,Alain Babillon,ABA,Nicolas Sekri,NSE,0.0,0.46,OK,
2025-03-09,20250309.csv,2,20250309_R2_AKO_SBE,Anthony Korn,AKO,Stéphane Bénichou,SBE,3.07,11.08,68.0,65.0,Anthony Korn,AKO,Anthony Korn,AKO,1.0,8.01,OK,
2025-03-09,20250309.csv,2,20250309_R2_CDA_MWA,Csaba Daday,CDA,Marc Wainberg,MWA,8.12,5.24,126.0,122.0,Csaba Daday,CDA,Marc Wainberg,MWA,0.0,2.88,OK,
2025-03-09,20250309.csv,2,20250309_R2_DRO_KUB,Daniel Rozenberg,DRO,Gildas Bouilland,KUB,10.25,5.46,104.0,109.0,Daniel Rozenberg,DRO,Gildas Bouilland,KUB,0.0,4.79,OK,
2025-03-09,20250309.csv,2,20250309_R2_EBE_KGU,Eric Bénichou,EBE,Kamel Guerbaa,KGU,5.4,10.07,126.0,125.0,Eric Bénichou,EBE,Eric Bénichou,EBE,1.0,4.67,OK,
2025-03-09,20250309.csv,2,20250309_R2_JMA_OFU,James MacNaughtan,JMA,Oscar Fuchs,OFU,1.34,3.13,84.0,87.0,James MacNaughtan,JMA,James MacNaughtan,JMA,1.0,1.79,OK,
2025-03-09,20250309.csv,2,20250309_R2_JCA_STA,Julien Camurat,JCA,Sami Tamim,STA,14.48,15.87,93.0,117.0,Sami Tamim,STA,Julien Camurat,JCA,0.0,1.39,OK,
2025-03-09,20250309.csv,2,20250309_R2_MLE_PCO,Marc Le Campion,MLE,Paul Courtois,PCO,5.08,8.24,75.0,66.0,Marc Le Campion,MLE,Marc Le Campion,MLE,1.0,3.16,OK,
2025-03-09,20250309.csv,2,20250309_R2_NHA_OCR,Nicolas Harmand,NHA,Olivier Croisille,OCR,4.5,4.68,144.0,139.0,Olivier Croisille,OCR,Nicolas Harmand,NHA,0.0,0.18,OK,
2025-03-09,20250309.csv,3,20250309_R3_ABA_DRO,Alain Babillon,ABA,Daniel Rozenberg,DRO,2.76,4.84,100.0,130.0,Daniel Rozenberg,DRO,Alain Babillon,ABA,0.0,2.08,OK,
2025-03-09,20250309.csv,3,20250309_R3_AKO_JCA,Anthony Korn,AKO,Julien Camurat,JCA,12.34,16.65,32.0,28.0,Anthony Korn,AKO,Anthony Korn,AKO,1.0,4.31,OK,
2025-03-09,20250309.csv,3,20250309_R3_CDA_KGU,Csaba Daday,CDA,Kamel Guerbaa,KGU,5.81,10.24,76.0,80.0,Csaba Daday,CDA,Csaba Daday,CDA,1.0,4.43,OK,
2025-03-09,20250309.csv,3,20250309_R3_EBE_PCO,Eric Bénichou,EBE,Paul Courtois,PCO,5.41,16.58,124.0,146.0,Paul Courtois,PCO,Eric Bénichou,EBE,0.0,11.17,OK,
2025-03-09,20250309.csv,3,20250309_R3_JMA_KUB,James MacNaughtan,JMA,Gildas Bouilland,KUB,5.21,8.13,78.0,72.0,Gildas Bouilland,KUB,James MacNaughtan,JMA,0.0,2.92,OK,
2025-03-09,20250309.csv,3,20250309_R3_MLE_OFU,Marc Le Campion,MLE,Oscar Fuchs,OFU,7.96,3.39,80.0,87.0,Oscar Fuchs,OFU,Oscar Fuchs,OFU,1.0,4.57,OK,
2025-03-09,20250309.csv,3,20250309_R3_MWA_STA,Marc Wainberg,MWA,Sami Tamim,STA,3.34,6.36,58.0,67.0,Sami Tamim,STA,Marc Wainberg,MWA,0.0,3.02,OK,
2025-03-09,20250309.csv,3,20250309_R3_NHA_SBE,Nicolas Harmand,NHA,Stéphane Bénichou,SBE,4.69,4.27,113.0,124.0,Stéphane Bénichou,SBE,Stéphane Bénichou,SBE,1.0,0.42,OK,
2025-03-09,20250309.csv,3,20250309_R3_NSE_OCR,Nicolas Sekri,NSE,Olivier Croisille,OCR,5.04,9.84,99.0,93.0,Nicolas Sekri,NSE,Nicolas Sekri,NSE,1.0,4.8,OK,
2025-03-09,20250309.csv,4,20250309_R4_ABA_JMA,Alain Babillon,ABA,James MacNaughtan,JMA,4.81,2.12,167.0,176.0,James MacNaughtan,JMA,James MacNaughtan,JMA,1.0,2.69,OK,
2025-03-09,20250309.csv,4,20250309_R4_AKO_MWA,Anthony Korn,AKO,Marc Wainberg,MWA,5.5,3.23,155.0,146.0,Anthony Korn,AKO,Marc Wainberg,MWA,0.0,2.27,OK,
2025-03-09,20250309.csv,4,20250309_R4_CDA_PCO,Csaba Daday,CDA,Paul Courtois,PCO,8.43,21.32,96.0,88.0,Csaba Daday,CDA,Csaba Daday,CDA,1.0,12.89,OK,
2025-03-09,20250309.csv,4,20250309_R4_DRO_OCR,Daniel Rozenberg,DRO,Olivier Croisille,OCR,6.81,3.02,55.0,56.0,Daniel Rozenberg,DRO,Olivier Croisille,OCR,0.0,3.79,OK,
2025-03-09,20250309.csv,4,20250309_R4_EBE_OFU,Eric Bénichou,EBE,Oscar Fuchs,OFU,3.79,7.61,86.0,71.0,Oscar Fuchs,OFU,Eric Bénichou,EBE,0.0,3.82,OK,
2025-03-09,20250309.csv,4,20250309_R4_KUB_MLE,Gildas Bouilland,KUB,Marc Le Campion,MLE,6.43,8.58,161.0,153.0,Marc Le Campion,MLE,Gildas Bouilland,KUB,0.0,2.15,OK,
2025-03-09,20250309.csv,4,20250309_R4_JCA_NHA,Julien Camurat,JCA,Nicolas Harmand,NHA,10.64,3.76,116.0,127.0,Nicolas Harmand,NHA,Nicolas Harmand,NHA,1.0,6.88,OK,
2025-03-09,20250309.csv,4,20250309_R4_KGU_STA,Kamel Guerbaa,KGU,Sami Tamim,STA,10.01,11.47,116.0,112.0,Sami Tamim,STA,Kamel Guerbaa,KGU,0.0,1.46,OK,
2025-03-09,20250309.csv,4,20250309_R4_NSE_SBE,Nicolas Sekri,NSE,Stéphane Bénichou,SBE,3.59,4.31,116.0,112.0,Nicolas Sekri,NSE,Nicolas Sekri,NSE,1.0,0.72,OK,
2025-03-09,20250309.csv,5,20250309_R5_ABA_MLE,Alain Babillon,ABA,Marc Le Campion,MLE,6.71,11.45,100.0,95.0,Marc Le Campion,MLE,Alain Babillon,ABA,0.0,4.74,OK,
2025-03-09,20250309.csv,5,20250309_R5_AKO_KGU,Anthony Korn,AKO,Kamel Guerbaa,KGU,5.86,12.33,154.0,148.0,Kamel Guerbaa,KGU,Anthony Korn,AKO,0.0,6.47,OK,
2025-03-09,20250309.csv,5,20250309_R5_CDA_OFU,Csaba Daday,CDA,Oscar Fuchs,OFU,6.52,3.01,168.0,140.0,Csaba Daday,CDA,Oscar Fuchs,OFU,0.0,3.51,OK,
2025-03-09,20250309.csv,5,20250309_R5_DRO_SBE,Daniel Rozenberg,DRO,Stéphane Bénichou,SBE,4.7,7.44,118.0,106.0,Daniel Rozenberg,DRO,Daniel Rozenberg,DRO,1.0,2.74,OK,
2025-03-09,20250309.csv,5,20250309_R5_EBE_KUB,Eric Bénichou,EBE,Gildas Bouilland,KUB,4.09,9.51,119.0,115.0,Eric Bénichou,EBE,Eric Bénichou,EBE,1.0,5.42,OK,
2025-03-09,20250309.csv,5,20250309_R5_JMA_OCR,James MacNaughtan,JMA,Olivier Croisille,OCR,3.74,4.21,87.0,88.0,James MacNaughtan,JMA,James MacNaughtan,JMA,1.0,0.47,OK,
2025-03-09,20250309.csv,5,20250309_R5_JCA_NSE,Julien Camurat,JCA,Nicolas Sekri,NSE,15.29,3.83,69.0,75.0,Nicolas Sekri,NSE,Nicolas Sekri,NSE,1.0,11.46,OK,
2025-03-09,20250309.csv,5,20250309_R5_MWA_NHA,Marc Wainberg,MWA,Nicolas Harmand,NHA,6.79,3.66,95.0,72.0,Marc Wainberg,MWA,Nicolas Harmand,NHA,0.0,3.13,OK,
2025-03-09,20250309.csv,5,20250309_R5_PCO_STA,Paul Courtois,PCO,Sami Tamim,STA,13.87,12.2,119.0,106.0,Paul Courtois,PCO,Sami Tamim,STA,0.0,1.67,OK,
2025-04-27,20250427.csv,1,20250427_R1_ABA_AKO,Alain Babillon,ABA,Anthony Korn,AKO,4.28,5.0,121.0,134.0,Alain Babillon,ABA,Alain Babillon,ABA,1.0,0.72,OK,
2025-04-27,20250427.csv,1,20250427_R1_DRO_VMA,Daniel Rozenberg,DRO,Valentin Marotte,VMA,7.26,2.82,61.0,69.0,Valentin Marotte,VMA,Valentin Marotte,VMA,1.0,4.44,OK,
2025-04-27,20250427.csv,1,20250427_R1_FDR_SBE,Felipe Druy,FDR,Stéphane Bénichou,SBE,9.83,7.55,108.0,95.0,Felipe Druy,FDR,Stéphane Bénichou,SBE,0.0,2.28,OK,
2025-04-27,20250427.csv,1,20250427_R1_GME_NSE,Géo Menez,GME,Nicolas Sekri,NSE,4.97,6.24,110.0,108.0,Géo Menez,GME,Géo Menez,GME,1.0,1.27,OK,
2025-04-27,20250427.csv,1,20250427_R1_JMA_KGU,James MacNaughtan,JMA,Kamel Guerbaa,KGU,1.63,3.03,52.0,48.0,James MacNaughtan,JMA,James MacNaughtan,JMA,1.0,1.4,OK,
2025-04-27,20250427.csv,1,20250427_R1_MWA_OCR,Marc Wainberg,MWA,Olivier Croisille,OCR,7.25,3.86,83.0,81.0,Olivier Croisille,OCR,Olivier Croisille,OCR,1.0,3.39,OK,
2025-04-27,20250427.csv,1,20250427_R1_OFU_STA,Oscar Fuchs,OFU,Sami Tamim,STA,5.02,5.84,108.0,129.0,Sami Tamim,STA,Oscar Fuchs,OFU,0.0,0.82,OK,
2025-04-27,20250427.csv,1,20250427_R1_SKO_YUE,Steeve Korn,SKO,Yurika Ueno,YUE,11.38,19.31,119.0,115.0,Yurika Ueno,YUE,Steeve Korn,SKO,0.0,7.93,OK,
2025-04-27,20250427.csv,2,20250427_R2_ABA_DRO,Alain Babillon,ABA,Daniel Rozenberg,DRO,10.15,4.03,72.0,84.0,Daniel Rozenberg,DRO,Daniel Rozenberg,DRO,1.0,6.12,OK,
2025-04-27,20250427.csv,2,20250427_R2_AKO_GME,Anthony Korn,AKO,Géo Menez,GME,9.85,9.85,67.0,77.0,Géo Menez,GME,,,,0.0,OK,
2025-04-27,20250427.csv,2,20250427_R2_FDR_JMA,Felipe Druy,FDR,James MacNaughtan,JMA,13.32,5.9,61.0,67.0,James MacNaughtan,JMA,James MacNaughtan,JMA,1.0,7.42,OK,
2025-04-27,20250427.csv,2,20250427_R2_KGU_VMA,Kamel Guerbaa,KGU,Valentin Marotte,VMA,8.35,1.21,55.0,63.0,Valentin Marotte,VMA,Valentin Marotte,VMA,1.0,7.14,OK,
2025-04-27,20250427.csv,2,20250427_R2_MWA_NSE,Marc Wainberg,MWA,Nicolas Sekri,NSE,4.69,2.11,106.0,97.0,Marc Wainberg,MWA,Nicolas Sekri,NSE,0.0,2.58,OK,
2025-04-27,20250427.csv,2,20250427_R2_OCR_OFU,Olivier Croisille,OCR,Oscar Fuchs,OFU,3.56,8.06,104.0,102.0,Oscar Fuchs,OFU,Olivier Croisille,OCR,0.0,4.5,OK,
2025-04-27,20250427.csv,2,20250427_R2_STA_YUE,Sami Tamim,STA,Yurika Ueno,YUE,8.94,34.79,59.0,52.0,Sami Tamim,STA,Sami Tamim,STA,1.0,25.85,OK,
2025-04-27,20250427.csv,2,20250427_R2_SBE_SKO,Stéphane Bénichou,SBE,Steeve Korn,SKO,4.79,8.31,96.0,81.0,Steeve Korn,SKO,Stéphane Bénichou,SBE,0.0,3.52,OK,
2025-04-27,20250427.csv,3,20250427_R3_ABA_KGU,Alain Babillon,ABA,Kamel Guerbaa,KGU,4.31,7.83,115.0,108.0,Kamel Guerbaa,KGU,Alain Babillon,ABA,0.0,3.52,OK,
2025-04-27,20250427.csv,3,20250427_R3_AKO_MWA,Anthony Korn,AKO,Marc Wainberg,MWA,17.63,9.59,128.0,129.0,Anthony Korn,AKO,Marc Wainberg,MWA,0.0,8.04,OK,
2025-04-27,20250427.csv,3,20250427_R3_DRO_GME,Daniel Rozenberg,DRO,Géo Menez,GME,6.32,9.51,91.0,94.0,Daniel Rozenberg,DRO,Daniel Rozenberg,DRO,1.0,3.19,OK,
2025-04-27,20250427.csv,3,20250427_R3_FDR_VMA,Felipe Druy,FDR,Valentin Marotte,VMA,12.1,5.05,166.0,151.0,Valentin Marotte,VMA,Valentin Marotte,VMA,1.0,7.05,OK,
2025-04-27,20250427.csv,3,20250427_R3_JMA_SKO,James MacNaughtan,JMA,Steeve Korn,SKO,6.16,8.51,117.0,114.0,Steeve Korn,SKO,James MacNaughtan,JMA,0.0,2.35,OK,
2025-04-27,20250427.csv,3,20250427_R3_NSE_OFU,Nicolas Sekri,NSE,Oscar Fuchs,OFU,3.87,11.3,70.0,95.0,Oscar Fuchs,OFU,Nicolas Sekri,NSE,0.0,7.43,OK,
2025-04-27,20250427.csv,3,20250427_R3_OCR_YUE,Olivier Croisille,OCR,Yurika Ueno,YUE,3.36,20.09,63.0,78.0,Olivier Croisille,OCR,Olivier Croisille,OCR,1.0,16.73,Review,BetterPR does not match lower PR
2025-04-27,20250427.csv,3,20250427_R3_SBE_STA,Stéphane Bénichou,SBE,Sami Tamim,STA,10.08,12.97,128.0,139.0,Sami Tamim,STA,Stéphane Bénichou,SBE,0.0,2.89,OK,
2025-04-27,20250427.csv,4,20250427_R4_ABA_FDR,Alain Babillon,ABA,Felipe Druy,FDR,7.06,16.29,103.0,106.0,Alain Babillon,ABA,Alain Babillon,ABA,1.0,9.23,OK,
2025-04-27,20250427.csv,4,20250427_R4_AKO_OFU,Anthony Korn,AKO,Oscar Fuchs,OFU,4.55,3.02,49.0,62.0,Oscar Fuchs,OFU,Oscar Fuchs,OFU,1.0,1.53,OK,
2025-04-27,20250427.csv,4,20250427_R4_DRO_MWA,Daniel Rozenberg,DRO,Marc Wainberg,MWA,10.15,5.98,128.0,128.0,Daniel Rozenberg,DRO,Marc Wainberg,MWA,0.0,4.17,OK,
2025-04-27,20250427.csv,4,20250427_R4_GME_KGU,Géo Menez,GME,Kamel Guerbaa,KGU,5.01,12.35,195.0,180.0,Kamel Guerbaa,KGU,Géo Menez,GME,0.0,7.34,OK,
2025-04-27,20250427.csv,4,20250427_R4_JMA_STA,James MacNaughtan,JMA,Sami Tamim,STA,4.6,5.44,112.0,120.0,James MacNaughtan,JMA,James MacNaughtan,JMA,1.0,0.84,OK,
2025-04-27,20250427.csv,4,20250427_R4_NSE_YUE,Nicolas Sekri,NSE,Yurika Ueno,YUE,4.6,13.25,35.0,74.0,Yurika Ueno,YUE,Nicolas Sekri,NSE,0.0,8.65,OK,
2025-04-27,20250427.csv,4,20250427_R4_OCR_SBE,Olivier Croisille,OCR,Stéphane Bénichou,SBE,5.63,18.78,76.0,63.0,Olivier Croisille,OCR,Olivier Croisille,OCR,1.0,13.15,OK,
2025-04-27,20250427.csv,4,20250427_R4_SKO_VMA,Steeve Korn,SKO,Valentin Marotte,VMA,4.92,2.05,29.0,47.0,Valentin Marotte,VMA,Valentin Marotte,VMA,1.0,2.87,OK,
2025-04-27,20250427.csv,5,20250427_R5_ABA_SKO,Alain Babillon,ABA,Steeve Korn,SKO,7.2,3.21,115.0,118.0,Steeve Korn,SKO,Steeve Korn,SKO,1.0,3.99,OK,
2025-04-27,20250427.csv,5,20250427_R5_AKO_YUE,Anthony Korn,AKO,Yurika Ueno,YUE,4.57,14.68,172.0,185.0,Anthony Korn,AKO,Anthony Korn,AKO,1.0,10.11,OK,
2025-04-27,20250427.csv,5,20250427_R5_DRO_OFU,Daniel Rozenberg,DRO,Oscar Fuchs,OFU,3.35,4.5,111.0,103.0,Oscar Fuchs,OFU,Daniel Rozenberg,DRO,0.0,1.15,OK,
2025-04-27,20250427.csv,5,20250427_R5_FDR_GME,Felipe Druy,FDR,Géo Menez,GME,14.31,9.24,92.0,101.0,Géo Menez,GME,Géo Menez,GME,1.0,5.07,OK,
2025-04-27,20250427.csv,5,20250427_R5_JMA_OCR,James MacNaughtan,JMA,Olivier Croisille,OCR,5.88,3.59,135.0,98.0,James MacNaughtan,JMA,Olivier Croisille,OCR,0.0,2.29,OK,
2025-04-27,20250427.csv,5,20250427_R5_KGU_MWA,Kamel Guerbaa,KGU,Marc Wainberg,MWA,8.97,8.77,176.0,146.0,Marc Wainberg,MWA,Marc Wainberg,MWA,1.0,0.2,OK,
2025-04-27,20250427.csv,5,20250427_R5_NSE_SBE,Nicolas Sekri,NSE,Stéphane Bénichou,SBE,4.22,4.5,106.0,125.0,Nicolas Sekri,NSE,Nicolas Sekri,NSE,1.0,0.28,OK,
2025-04-27,20250427.csv,5,20250427_R5_STA_VMA,Sami Tamim,STA,Valentin Marotte,VMA,12.32,2.07,73.0,89.0,Sami Tamim,STA,Valentin Marotte,VMA,0.0,10.25,OK,
2025-06-01,20250601.csv,1,20250601_R1_ABA_EBE,Alain Babillon,ABA,Eric Bénichou,EBE,5.35,5.8,142.0,143.0,Eric Bénichou,EBE,Alain Babillon,ABA,0.0,0.45,OK,
2025-06-01,20250601.csv,1,20250601_R1_JMA_PSM,James MacNaughtan,JMA,Patrice de Sainte Marie,PSM,4.98,12.12,160.0,148.0,James MacNaughtan,JMA,James MacNaughtan,JMA,1.0,7.14,OK,
2025-06-01,20250601.csv,1,20250601_R1_KGU_KUB,Kamel Guerbaa,KGU,Gildas Bouilland,KUB,5.19,3.82,152.0,127.0,Kamel Guerbaa,KGU,Gildas Bouilland,KUB,0.0,1.37,OK,
2025-06-01,20250601.csv,1,20250601_R1_NHA_PCO,Nicolas Harmand,NHA,Paul Courtois,PCO,5.33,8.45,110.0,110.0,Nicolas Harmand,NHA,Nicolas Harmand,NHA,1.0,3.12,OK,
2025-06-01,20250601.csv,1,20250601_R1_NSE_SPA,Nicolas Sekri,NSE,Sarah Partouche,SPA,2.42,13.76,124.0,119.0,Nicolas Sekri,NSE,Nicolas Sekri,NSE,1.0,11.34,OK,
2025-06-01,20250601.csv,1,20250601_R1_STA_YUE,Sami Tamim,STA,Yurika Ueno,YUE,6.63,16.23,190.0,189.0,Yurika Ueno,YUE,Sami Tamim,STA,0.0,9.6,OK,
2025-06-01,20250601.csv,2,20250601_R2_ABA_KUB,Alain Babillon,ABA,Gildas Bouilland,KUB,6.07,9.62,114.0,111.0,Gildas Bouilland,KUB,Alain Babillon,ABA,0.0,3.55,OK,
2025-06-01,20250601.csv,2,20250601_R2_EBE_YUE,Eric Bénichou,EBE,Yurika Ueno,YUE,4.99,23.67,140.0,132.0,Eric Bénichou,EBE,Eric Bénichou,EBE,1.0,18.68,OK,
2025-06-01,20250601.csv,2,20250601_R2_JMA_KGU,James MacNaughtan,JMA,Kamel Guerbaa,KGU,6.11,9.38,123.0,132.0,James MacNaughtan,JMA,James MacNaughtan,JMA,1.0,3.27,OK,
2025-06-01,20250601.csv,2,20250601_R2_NHA_PSM,Nicolas Harmand,NHA,Patrice de Sainte Marie,PSM,4.94,7.06,97.0,127.0,Patrice de Sainte Marie,PSM,Nicolas Harmand,NHA,0.0,2.12,OK,
2025-06-01,20250601.csv,2,20250601_R2_NSE_PCO,Nicolas Sekri,NSE,Paul Courtois,PCO,3.04,18.24,201.0,216.0,Nicolas Sekri,NSE,Nicolas Sekri,NSE,1.0,15.2,OK,
2025-06-01,20250601.csv,2,20250601_R2_SPA_STA,Sarah Partouche,SPA,Sami Tamim,STA,12.39,8.7,136.0,133.0,Sami Tamim,STA,Sami Tamim,STA,1.0,3.69,OK,
2025-06-01,20250601.csv,3,20250601_R3_ABA_JMA,Alain Babillon,ABA,James MacNaughtan,JMA,2.15,3.63,126.0,112.0,James MacNaughtan,JMA,Alain Babillon,ABA,0.0,1.48,OK,
2025-06-01,20250601.csv,3,20250601_R3_EBE_SPA,Eric Bénichou,EBE,Sarah Partouche,SPA,3.51,20.63,79.0,62.0,Sarah Partouche,SPA,Eric Bénichou,EBE,0.0,17.12,OK,
2025-06-01,20250601.csv,3,20250601_R3_KUB_YUE,Gildas Bouilland,KUB,Yurika Ueno,YUE,4.96,15.99,170.0,140.0,Yurika Ueno,YUE,Gildas Bouilland,KUB,0.0,11.03,OK,
2025-06-01,20250601.csv,3,20250601_R3_KGU_NHA,Kamel Guerbaa,KGU,Nicolas Harmand,NHA,4.02,6.72,56.0,45.0,Kamel Guerbaa,KGU,Kamel Guerbaa,KGU,1.0,2.7,OK,
2025-06-01,20250601.csv,3,20250601_R3_NSE_PSM,Nicolas Sekri,NSE,Patrice de Sainte Marie,PSM,3.33,7.016,127.0,141.0,Patrice de Sainte Marie,PSM,Nicolas Sekri,NSE,0.0,3.686,OK,
2025-06-01,20250601.csv,3,20250601_R3_PCO_STA,Paul Courtois,PCO,Sami Tamim,STA,14.62,12.17,199.0,188.0,Sami Tamim,STA,Sami Tamim,STA,1.0,2.45,OK,
2025-06-01,20250601.csv,4,20250601_R4_ABA_NHA,Alain Babillon,ABA,Nicolas Harmand,NHA,4.42,6.82,112.0,121.0,Nicolas Harmand,NHA,Alain Babillon,ABA,0.0,2.4,OK,
2025-06-01,20250601.csv,4,20250601_R4_EBE_PCO,Eric Bénichou,EBE,Paul Courtois,PCO,4.08,13.31,106.0,122.0,Eric Bénichou,EBE,Eric Bénichou,EBE,1.0,9.23,OK,
2025-06-01,20250601.csv,4,20250601_R4_KUB_SPA,Gildas Bouilland,KUB,Sarah Partouche,SPA,3.41,15.88,110.0,113.0,Gildas Bouilland,KUB,Gildas Bouilland,KUB,1.0,12.47,OK,
2025-06-01,20250601.csv,4,20250601_R4_JMA_YUE,James MacNaughtan,JMA,Yurika Ueno,YUE,4.3,38.27,81.0,76.0,Yurika Ueno,YUE,James MacNaughtan,JMA,0.0,33.97,OK,
2025-06-01,20250601.csv,4,20250601_R4_KGU_NSE,Kamel Guerbaa,KGU,Nicolas Sekri,NSE,7.66,5.79,149.0,149.0,Nicolas Sekri,NSE,Nicolas Sekri,NSE,1.0,1.87,OK,
2025-06-01,20250601.csv,4,20250601_R4_PSM_STA,Patrice de Sainte Marie,PSM,Sami Tamim,STA,6.76,8.97,137.0,115.0,Patrice de Sainte Marie,PSM,Patrice de Sainte Marie,PSM,1.0,2.21,OK,
2025-07-06,20250706.csv,1,20250706_R1_AKO_PSM,Anthony Korn,AKO,Patrice de Sainte Marie,PSM,3.45,7.82,171.0,128.0,Patrice de Sainte Marie,PSM,Anthony Korn,AKO,0.0,4.37,OK,
2025-07-06,20250706.csv,1,20250706_R1_ACA_CDA,Antoine Canteloup,ACA,Csaba Daday,CDA,11.65,14.26,71.0,46.0,Antoine Canteloup,ACA,Antoine Canteloup,ACA,1.0,2.61,OK,
2025-07-06,20250706.csv,1,20250706_R1_DRO_YUE,Daniel Rozenberg,DRO,Yurika Ueno,YUE,7.82,13.11,142.0,130.0,Daniel Rozenberg,DRO,Daniel Rozenberg,DRO,1.0,5.29,OK,
2025-07-06,20250706.csv,1,20250706_R1_KUB_VDN,Gildas Bouilland,KUB,Vincent de Nardi,VDN,3.99,4.56,172.0,151.0,Gildas Bouilland,KUB,Gildas Bouilland,KUB,1.0,0.57,OK,
2025-07-06,20250706.csv,1,20250706_R1_JMA_STA,James MacNaughtan,JMA,Sami Tamim,STA,4.76,9.26,177.0,185.0,Sami Tamim,STA,James MacNaughtan,JMA,0.0,4.5,OK,
2025-07-06,20250706.csv,1,20250706_R1_KGU_NSE,Kamel Guerbaa,KGU,Nicolas Sekri,NSE,12.4,4.2,87.0,87.0,Nicolas Sekri,NSE,Nicolas Sekri,NSE,1.0,8.2,OK,
2025-07-06,20250706.csv,1,20250706_R1_KUN_OFU,Kévin Unger,KUN,Oscar Fuchs,OFU,8.84,11.28,71.0,64.0,Oscar Fuchs,OFU,Kévin Unger,KUN,0.0,2.44,OK,
2025-07-06,20250706.csv,1,20250706_R1_MWA_NHA,Marc Wainberg,MWA,Nicolas Harmand,NHA,13.71,8.28,151.0,165.0,Nicolas Harmand,NHA,Nicolas Harmand,NHA,1.0,5.43,OK,
2025-07-06,20250706.csv,1,20250706_R1_SKO_SPA,Steeve Korn,SKO,Sarah Partouche,SPA,5.34,5.86,59.0,53.0,Steeve Korn,SKO,Steeve Korn,SKO,1.0,0.52,OK,
2025-07-06,20250706.csv,2,20250706_R2_AKO_OFU,Anthony Korn,AKO,Oscar Fuchs,OFU,3.61,4.95,85.0,66.0,Anthony Korn,AKO,Anthony Korn,AKO,1.0,1.34,OK,
2025-07-06,20250706.csv,2,20250706_R2_ACA_VDN,Antoine Canteloup,ACA,Vincent de Nardi,VDN,13.58,5.12,238.0,199.0,Vincent de Nardi,VDN,Vincent de Nardi,VDN,1.0,8.46,OK,
2025-07-06,20250706.csv,2,20250706_R2_CDA_YUE,Csaba Daday,CDA,Yurika Ueno,YUE,4.02,11.44,110.0,96.0,Csaba Daday,CDA,Csaba Daday,CDA,1.0,7.42,OK,
2025-07-06,20250706.csv,2,20250706_R2_DRO_PSM,Daniel Rozenberg,DRO,Patrice de Sainte Marie,PSM,8.5,5.13,130.0,154.0,Daniel Rozenberg,DRO,Patrice de Sainte Marie,PSM,0.0,3.37,OK,
2025-07-06,20250706.csv,2,20250706_R2_KUB_SKO,Gildas Bouilland,KUB,Steeve Korn,SKO,8.29,12.02,174.0,191.0,Steeve Korn,SKO,Gildas Bouilland,KUB,0.0,3.73,OK,
2025-07-06,20250706.csv,2,20250706_R2_JMA_NSE,James MacNaughtan,JMA,Nicolas Sekri,NSE,3.68,5.2,172.0,175.0,Nicolas Sekri,NSE,James MacNaughtan,JMA,0.0,1.52,OK,
2025-07-06,20250706.csv,2,20250706_R2_KGU_NHA,Kamel Guerbaa,KGU,Nicolas Harmand,NHA,7.86,0.21,37.0,41.0,Kamel Guerbaa,KGU,Nicolas Harmand,NHA,0.0,7.65,OK,
2025-07-06,20250706.csv,2,20250706_R2_KUN_MWA,Kévin Unger,KUN,Marc Wainberg,MWA,6.11,5.55,145.0,143.0,Marc Wainberg,MWA,Marc Wainberg,MWA,1.0,0.56,OK,
2025-07-06,20250706.csv,2,20250706_R2_SPA_STA,Sarah Partouche,SPA,Sami Tamim,STA,7.4,5.26,207.0,169.0,Sami Tamim,STA,Sami Tamim,STA,1.0,2.14,OK,
2025-07-06,20250706.csv,3,20250706_R3_AKO_MWA,Anthony Korn,AKO,Marc Wainberg,MWA,11.68,13.53,279.0,265.0,Anthony Korn,AKO,Anthony Korn,AKO,1.0,1.85,OK,
2025-07-06,20250706.csv,3,20250706_R3_ACA_SKO,Antoine Canteloup,ACA,Steeve Korn,SKO,11.48,5.98,208.0,176.0,Antoine Canteloup,ACA,Steeve Korn,SKO,0.0,5.5,OK,
2025-07-06,20250706.csv,3,20250706_R3_CDA_PSM,Csaba Daday,CDA,Patrice de Sainte Marie,PSM,7.53,11.4,119.0,146.0,Patrice de Sainte Marie,PSM,Csaba Daday,CDA,0.0,3.87,OK,
2025-07-06,20250706.csv,3,20250706_R3_DRO_OFU,Daniel Rozenberg,DRO,Oscar Fuchs,OFU,8.02,6.64,90.0,111.0,Oscar Fuchs,OFU,Oscar Fuchs,OFU,1.0,1.38,OK,
2025-07-06,20250706.csv,3,20250706_R3_KUB_STA,Gildas Bouilland,KUB,Sami Tamim,STA,5.69,21.44,86.0,82.0,Sami Tamim,STA,Gildas Bouilland,KUB,0.0,15.75,OK,
2025-07-06,20250706.csv,3,20250706_R3_JMA_NHA,James MacNaughtan,JMA,Nicolas Harmand,NHA,7.15,6.08,77.0,71.0,James MacNaughtan,JMA,Nicolas Harmand,NHA,0.0,1.07,OK,
2025-07-06,20250706.csv,3,20250706_R3_KGU_KUN,Kamel Guerbaa,KGU,Kévin Unger,KUN,7.59,10.02,199.0,214.0,Kamel Guerbaa,KGU,Kamel Guerbaa,KGU,1.0,2.43,OK,
2025-07-06,20250706.csv,3,20250706_R3_NSE_SPA,Nicolas Sekri,NSE,Sarah Partouche,SPA,2.75,12.22,142.0,146.0,Sarah Partouche,SPA,Nicolas Sekri,NSE,0.0,9.47,OK,
2025-07-06,20250706.csv,3,20250706_R3_VDN_YUE,Vincent de Nardi,VDN,Yurika Ueno,YUE,6.77,20.57,133.0,114.0,Vincent de Nardi,VDN,Vincent de Nardi,VDN,1.0,13.8,OK,
2025-07-06,20250706.csv,4,20250706_R4_AKO_KGU,Anthony Korn,AKO,Kamel Guerbaa,KGU,6.07,7.52,227.0,262.0,Anthony Korn,AKO,Anthony Korn,AKO,1.0,1.45,OK,
2025-07-06,20250706.csv,4,20250706_R4_ACA_STA,Antoine Canteloup,ACA,Sami Tamim,STA,12.53,10.63,220.0,217.0,Sami Tamim,STA,Sami Tamim,STA,1.0,1.9,OK,
2025-07-06,20250706.csv,4,20250706_R4_CDA_OFU,Csaba Daday,CDA,Oscar Fuchs,OFU,6.27,6.75,138.0,139.0,Csaba Daday,CDA,Csaba Daday,CDA,1.0,0.48,OK,
2025-07-06,20250706.csv,4,20250706_R4_DRO_MWA,Daniel Rozenberg,DRO,Marc Wainberg,MWA,5.68,12.16,183.0,166.0,Daniel Rozenberg,DRO,Daniel Rozenberg,DRO,1.0,6.48,OK,
2025-07-06,20250706.csv,4,20250706_R4_KUB_NSE,Gildas Bouilland,KUB,Nicolas Sekri,NSE,6.49,4.15,103.0,101.0,Nicolas Sekri,NSE,Nicolas Sekri,NSE,1.0,2.34,OK,
2025-07-06,20250706.csv,4,20250706_R4_JMA_KUN,James MacNaughtan,JMA,Kévin Unger,KUN,7.25,8.18,120.0,138.0,Kévin Unger,KUN,James MacNaughtan,JMA,0.0,0.93,OK,
2025-07-06,20250706.csv,4,20250706_R4_NHA_SPA,Nicolas Harmand,NHA,Sarah Partouche,SPA,1.25,10.72,94.0,81.0,Nicolas Harmand,NHA,Nicolas Harmand,NHA,1.0,9.47,OK,
2025-07-06,20250706.csv,4,20250706_R4_PSM_VDN,Patrice de Sainte Marie,PSM,Vincent de Nardi,VDN,8.76,6.03,126.0,117.0,Patrice de Sainte Marie,PSM,Vincent de Nardi,VDN,0.0,2.73,OK,
2025-07-06,20250706.csv,4,20250706_R4_SKO_YUE,Steeve Korn,SKO,Yurika Ueno,YUE,3.45,14.45,142.0,147.0,Steeve Korn,SKO,Steeve Korn,SKO,1.0,11.0,OK,
2025-09-14,20250914.csv,1,20250914_R1_ABA_KUB,Alain Babillon,ABA,Gildas Bouilland,KUB,5.27,5.8,149.0,182.0,Alain Babillon,ABA,Alain Babillon,ABA,1.0,0.53,OK,
2025-09-14,20250914.csv,1,20250914_R1_AKO_RaphalGinoulhac,Anthony Korn,AKO,Raphaël Ginoulhac,,8.89,9.31,219.0,207.0,Anthony Korn,AKO,Anthony Korn,AKO,1.0,0.42,OK,
2025-09-14,20250914.csv,1,20250914_R1_ACA_OCR,Antoine Canteloup,ACA,Olivier Croisille,OCR,13.39,1.4,41.0,73.0,Olivier Croisille,OCR,Olivier Croisille,OCR,1.0,11.99,OK,
2025-09-14,20250914.csv,1,20250914_R1_CDA_VMA,Csaba Daday,CDA,Valentin Marotte,VMA,0.66,3.76,35.0,43.0,Valentin Marotte,VMA,Csaba Daday,CDA,0.0,3.1,OK,
2025-09-14,20250914.csv,1,20250914_R1_DRO_FDR,Daniel Rozenberg,DRO,Felipe Druy,FDR,4.32,12.46,159.0,155.0,Daniel Rozenberg,DRO,Daniel Rozenberg,DRO,1.0,8.14,OK,
2025-09-14,20250914.csv,1,20250914_R1_EBE_KGU,Eric Bénichou,EBE,Kamel Guerbaa,KGU,5.3,7.71,153.0,164.0,Eric Bénichou,EBE,Eric Bénichou,EBE,1.0,2.41,OK,
2025-09-14,20250914.csv,1,20250914_R1_JMA_NSE,James MacNaughtan,JMA,Nicolas Sekri,NSE,5.26,2.86,131.0,141.0,James MacNaughtan,JMA,Nicolas Sekri,NSE,0.0,2.4,OK,
2025-09-14,20250914.csv,1,20250914_R1_KUN_SPA,Kévin Unger,KUN,Sarah Partouche,SPA,7.62,13.03,123.0,136.0,Sarah Partouche,SPA,Kévin Unger,KUN,0.0,5.41,OK,
2025-09-14,20250914.csv,1,20250914_R1_NHA_PCO,Nicolas Harmand,NHA,Paul Courtois,PCO,3.68,8.22,94.0,87.0,Nicolas Harmand,NHA,Nicolas Harmand,NHA,1.0,4.54,OK,
2025-09-14,20250914.csv,1,20250914_R1_OFU_YUE,Oscar Fuchs,OFU,Yurika Ueno,YUE,0.83,17.77,59.0,48.0,Yurika Ueno,YUE,Oscar Fuchs,OFU,0.0,16.94,OK,
2025-09-14,20250914.csv,1,20250914_R1_STA_WBE,Sami Tamim,STA,Wil Benotmane,WBE,8.59,3.61,69.0,50.0,Sami Tamim,STA,Wil Benotmane,WBE,0.0,4.98,OK,
2025-09-14,20250914.csv,2,20250914_R2_ABA_OFU,Alain Babillon,ABA,Oscar Fuchs,OFU,5.62,4.37,193.0,151.0,Alain Babillon,ABA,Oscar Fuchs,OFU,0.0,1.25,OK,
2025-09-14,20250914.csv,2,20250914_R2_ACA_AKO,Antoine Canteloup,ACA,Anthony Korn,AKO,21.44,9.39,255.0,186.0,Anthony Korn,AKO,Anthony Korn,AKO,1.0,12.05,OK,
2025-09-14,20250914.csv,2,20250914_R2_CDA_YUE,Csaba Daday,CDA,Yurika Ueno,YUE,6.17,14.07,126.0,104.0,Csaba Daday,CDA,Csaba Daday,CDA,1.0,7.9,OK,
2025-09-14,20250914.csv,2,20250914_R2_DRO_RaphalGinoulhac,Daniel Rozenberg,DRO,Raphaël Ginoulhac,,6.35,8.92,197.0,158.0,Daniel Rozenberg,DRO,Daniel Rozenberg,DRO,1.0,2.57,OK,
2025-09-14,20250914.csv,2,20250914_R2_EBE_WBE,Eric Bénichou,EBE,Wil Benotmane,WBE,4.03,14.56,142.0,135.0,Eric Bénichou,EBE,Eric Bénichou,EBE,1.0,10.53,OK,
2025-09-14,20250914.csv,2,20250914_R2_FDR_KUB,Felipe Druy,FDR,Gildas Bouilland,KUB,7.96,3.89,133.0,144.0,Gildas Bouilland,KUB,Gildas Bouilland,KUB,1.0,4.07,OK,
2025-09-14,20250914.csv,2,20250914_R2_JMA_KUN,James MacNaughtan,JMA,Kévin Unger,KUN,6.57,8.35,121.0,127.0,James MacNaughtan,JMA,James MacNaughtan,JMA,1.0,1.78,OK,
2025-09-14,20250914.csv,2,20250914_R2_KGU_NSE,Kamel Guerbaa,KGU,Nicolas Sekri,NSE,11.27,3.58,89.0,105.0,Nicolas Sekri,NSE,Nicolas Sekri,NSE,1.0,7.69,OK,
2025-09-14,20250914.csv,2,20250914_R2_NHA_SPA,Nicolas Harmand,NHA,Sarah Partouche,SPA,5.95,15.34,129.0,131.0,Nicolas Harmand,NHA,Nicolas Harmand,NHA,1.0,9.39,OK,
2025-09-14,20250914.csv,2,20250914_R2_OCR_PCO,Olivier Croisille,OCR,Paul Courtois,PCO,5.66,14.41,158.0,189.0,Olivier Croisille,OCR,Olivier Croisille,OCR,1.0,8.75,OK,
2025-09-14,20250914.csv,2,20250914_R2_STA_VMA,Sami Tamim,STA,Valentin Marotte,VMA,11.2,5.19,105.0,100.0,Sami Tamim,STA,Valentin Marotte,VMA,0.0,6.01,OK,
2025-09-14,20250914.csv,3,20250914_R3_ABA_CDA,Alain Babillon,ABA,Csaba Daday,CDA,4.21,8.98,93.0,66.0,Alain Babillon,ABA,Alain Babillon,ABA,1.0,4.77,OK,
2025-09-14,20250914.csv,3,20250914_R3_AKO_PCO,Anthony Korn,AKO,Paul Courtois,PCO,7.3,8.53,149.0,140.0,Anthony Korn,AKO,Anthony Korn,AKO,1.0,1.23,OK,
2025-09-14,20250914.csv,3,20250914_R3_ACA_DRO,Antoine Canteloup,ACA,Daniel Rozenberg,DRO,9.45,5.08,220.0,196.0,Antoine Canteloup,ACA,Daniel Rozenberg,DRO,0.0,4.37,OK,
2025-09-14,20250914.csv,3,20250914_R3_EBE_VMA,Eric Bénichou,EBE,Valentin Marotte,VMA,5.89,4.25,190.0,160.0,Valentin Marotte,VMA,Valentin Marotte,VMA,1.0,1.64,OK,
2025-09-14,20250914.csv,3,20250914_R3_FDR_OFU,Felipe Druy,FDR,Oscar Fuchs,OFU,5.24,7.57,57.0,55.0,Oscar Fuchs,OFU,Felipe Druy,FDR,0.0,2.33,OK,
2025-09-14,20250914.csv,3,20250914_R3_KUB_RaphalGinoulhac,Gildas Bouilland,KUB,Raphaël Ginoulhac,,6.44,6.21,109.0,93.0,Gildas Bouilland,KUB,Raphaël Ginoulhac,,0.0,0.23,OK,
2025-09-14,20250914.csv,3,20250914_R3_JMA_NHA,James MacNaughtan,JMA,Nicolas Harmand,NHA,4.94,6.16,162.0,185.0,Nicolas Harmand,NHA,James MacNaughtan,JMA,0.0,1.22,OK,
2025-09-14,20250914.csv,3,20250914_R3_KGU_KUN,Kamel Guerbaa,KGU,Kévin Unger,KUN,11.95,10.75,160.0,166.0,Kamel Guerbaa,KGU,Kévin Unger,KUN,0.0,1.2,OK,
2025-09-14,20250914.csv,3,20250914_R3_NSE_WBE,Nicolas Sekri,NSE,Wil Benotmane,WBE,2.57,7.37,173.0,193.0,Wil Benotmane,WBE,Nicolas Sekri,NSE,0.0,4.8,OK,
2025-09-14,20250914.csv,3,20250914_R3_OCR_SPA,Olivier Croisille,OCR,Sarah Partouche,SPA,5.24,5.06,69.0,62.0,Olivier Croisille,OCR,Sarah Partouche,SPA,0.0,0.18,OK,
2025-09-14,20250914.csv,3,20250914_R3_STA_YUE,Sami Tamim,STA,Yurika Ueno,YUE,6.46,17.22,128.0,106.0,Yurika Ueno,YUE,Sami Tamim,STA,0.0,10.76,OK,
2025-09-14,20250914.csv,4,20250914_R4_ABA_STA,Alain Babillon,ABA,Sami Tamim,STA,6.96,13.76,128.0,127.0,Alain Babillon,ABA,Alain Babillon,ABA,1.0,6.8,OK,
2025-09-14,20250914.csv,4,20250914_R4_AKO_SPA,Anthony Korn,AKO,Sarah Partouche,SPA,10.91,19.96,136.0,136.0,Anthony Korn,AKO,Anthony Korn,AKO,1.0,9.05,OK,
2025-09-14,20250914.csv,4,20250914_R4_ACA_KUB,Antoine Canteloup,ACA,Gildas Bouilland,KUB,10.48,4.97,149.0,150.0,Gildas Bouilland,KUB,Gildas Bouilland,KUB,1.0,5.51,OK,
2025-09-14,20250914.csv,4,20250914_R4_CDA_FDR,Csaba Daday,CDA,Felipe Druy,FDR,7.44,9.49,166.0,167.0,Csaba Daday,CDA,Csaba Daday,CDA,1.0,2.05,OK,
2025-09-14,20250914.csv,4,20250914_R4_DRO_PCO,Daniel Rozenberg,DRO,Paul Courtois,PCO,2.22,17.14,69.0,67.0,Paul Courtois,PCO,Daniel Rozenberg,DRO,0.0,14.92,OK,
2025-09-14,20250914.csv,4,20250914_R4_EBE_YUE,Eric Bénichou,EBE,Yurika Ueno,YUE,3.51,30.74,74.0,43.0,Eric Bénichou,EBE,Eric Bénichou,EBE,1.0,27.23,OK,
2025-09-14,20250914.csv,4,20250914_R4_JMA_OCR,James MacNaughtan,JMA,Olivier Croisille,OCR,5.69,5.57,122.0,115.0,Olivier Croisille,OCR,Olivier Croisille,OCR,1.0,0.12,OK,
2025-09-14,20250914.csv,4,20250914_R4_KGU_NHA,Kamel Guerbaa,KGU,Nicolas Harmand,NHA,9.22,8.04,152.0,156.0,Kamel Guerbaa,KGU,Nicolas Harmand,NHA,0.0,1.18,OK,
2025-09-14,20250914.csv,4,20250914_R4_KUN_WBE,Kévin Unger,KUN,Wil Benotmane,WBE,10.95,9.29,179.0,171.0,Kévin Unger,KUN,Wil Benotmane,WBE,0.0,1.66,OK,
2025-09-14,20250914.csv,4,20250914_R4_NSE_VMA,Nicolas Sekri,NSE,Valentin Marotte,VMA,2.63,2.22,91.0,104.0,Nicolas Sekri,NSE,Valentin Marotte,VMA,0.0,0.41,OK,
2025-09-14,20250914.csv,4,20250914_R4_OFU_RaphalGinoulhac,Oscar Fuchs,OFU,Raphaël Ginoulhac,,7.11,9.33,110.0,122.0,Raphaël Ginoulhac,,Oscar Fuchs,OFU,0.0,2.22,OK,
2025-10-04,20251004.csv,1,20251004_R1_AntoineBlond_NHA,Antoine Blond,,Nicolas Harmand,NHA,7.2,7.2,123.0,118.0,Antoine Blond,,,,,0.0,OK,
2025-10-04,20251004.csv,1,20251004_R1_CDA_FTI,Csaba Daday,CDA,François Tissot,FTI,5.36,5.16,31.0,29.0,François Tissot,FTI,François Tissot,FTI,1.0,0.2,OK,
2025-10-04,20251004.csv,1,20251004_R1_DRO_EBE,Daniel Rozenberg,DRO,Eric Bénichou,EBE,4.2,4.86,95.0,94.0,Daniel Rozenberg,DRO,Daniel Rozenberg,DRO,1.0,0.66,OK,
2025-10-04,20251004.csv,1,20251004_R1_KGU_KUB,Kamel Guerbaa,KGU,Gildas Bouilland,KUB,5.82,3.42,96.0,86.0,Kamel Guerbaa,KGU,Gildas Bouilland,KUB,0.0,2.4,OK,
2025-10-04,20251004.csv,1,20251004_R1_MLE_STA,Marc Le Campion,MLE,Sami Tamim,STA,3.6,6.42,23.0,30.0,Sami Tamim,STA,Marc Le Campion,MLE,0.0,2.82,OK,
2025-10-04,20251004.csv,2,20251004_R2_AntoineBlond_KUB,Antoine Blond,,Gildas Bouilland,KUB,6.37,9.78,74.0,107.0,Gildas Bouilland,KUB,Antoine Blond,,0.0,3.41,OK,
2025-10-04,20251004.csv,2,20251004_R2_CDA_STA,Csaba Daday,CDA,Sami Tamim,STA,5.16,9.01,78.0,61.0,Csaba Daday,CDA,Csaba Daday,CDA,1.0,3.85,OK,
2025-10-04,20251004.csv,2,20251004_R2_DRO_NHA,Daniel Rozenberg,DRO,Nicolas Harmand,NHA,7.46,9.58,73.0,77.0,Nicolas Harmand,NHA,Daniel Rozenberg,DRO,0.0,2.12,OK,
2025-10-04,20251004.csv,2,20251004_R2_EBE_FTI,Eric Bénichou,EBE,François Tissot,FTI,3.06,3.48,157.0,159.0,Eric Bénichou,EBE,Eric Bénichou,EBE,1.0,0.42,OK,
2025-10-04,20251004.csv,2,20251004_R2_KGU_MLE,Kamel Guerbaa,KGU,Marc Le Campion,MLE,5.44,8.23,132.0,125.0,Marc Le Campion,MLE,Kamel Guerbaa,KGU,0.0,2.79,OK,
2025-10-04,20251004.csv,3,20251004_R3_AntoineBlond_STA,Antoine Blond,,Sami Tamim,STA,3.66,9.3,141.0,154.0,Antoine Blond,,Antoine Blond,,1.0,5.64,OK,
2025-10-04,20251004.csv,3,20251004_R3_CDA_EBE,Csaba Daday,CDA,Eric Bénichou,EBE,9.43,4.58,79.0,81.0,Csaba Daday,CDA,Eric Bénichou,EBE,0.0,4.85,OK,
2025-10-04,20251004.csv,3,20251004_R3_DRO_MLE,Daniel Rozenberg,DRO,Marc Le Campion,MLE,4.46,8.12,149.0,132.0,Daniel Rozenberg,DRO,Daniel Rozenberg,DRO,1.0,3.66,OK,
2025-10-04,20251004.csv,3,20251004_R3_FTI_KUB,François Tissot,FTI,Gildas Bouilland,KUB,3.92,5.75,77.0,103.0,Gildas Bouilland,KUB,François Tissot,FTI,0.0,1.83,OK,
2025-10-04,20251004.csv,3,20251004_R3_KGU_NHA,Kamel Guerbaa,KGU,Nicolas Harmand,NHA,10.05,7.03,91.0,95.0,Nicolas Harmand,NHA,Nicolas Harmand,NHA,1.0,3.02,OK,
2025-10-04,20251004.csv,4,20251004_R4_AntoineBlond_KGU,Antoine Blond,,Kamel Guerbaa,KGU,5.21,9.83,128.0,142.0,Antoine Blond,,Antoine Blond,,1.0,4.62,OK,
2025-10-04,20251004.csv,4,20251004_R4_CDA_DRO,Csaba Daday,CDA,Daniel Rozenberg,DRO,10.68,3.97,104.0,102.0,Csaba Daday,CDA,Daniel Rozenberg,DRO,0.0,6.71,OK,
2025-10-04,20251004.csv,4,20251004_R4_EBE_MLE,Eric Bénichou,EBE,Marc Le Campion,MLE,5.87,8.56,88.0,119.0,Eric Bénichou,EBE,Eric Bénichou,EBE,1.0,2.69,OK,
2025-10-04,20251004.csv,4,20251004_R4_FTI_NHA,François Tissot,FTI,Nicolas Harmand,NHA,3.93,3.76,59.0,78.0,Nicolas Harmand,NHA,Nicolas Harmand,NHA,1.0,0.17,OK,
2025-10-04,20251004.csv,4,20251004_R4_KUB_STA,Gildas Bouilland,KUB,Sami Tamim,STA,5.09,8.33,130.0,122.0,Sami Tamim,STA,Gildas Bouilland,KUB,0.0,3.24,OK,
2025-10-04,20251004.csv,5,20251004_R5_AntoineBlond_EBE,Antoine Blond,,Eric Bénichou,EBE,5.23,4.66,85.0,85.0,Antoine Blond,,Eric Bénichou,EBE,0.0,0.57,OK,
2025-10-04,20251004.csv,5,20251004_R5_CDA_KGU,Csaba Daday,CDA,Kamel Guerbaa,KGU,3.88,8.15,129.0,134.0,Kamel Guerbaa,KGU,Csaba Daday,CDA,0.0,4.27,OK,
2025-10-04,20251004.csv,5,20251004_R5_DRO_KUB,Daniel Rozenberg,DRO,Gildas Bouilland,KUB,4.95,5.37,80.0,88.0,Gildas Bouilland,KUB,Daniel Rozenberg,DRO,0.0,0.42,OK,
2025-10-04,20251004.csv,5,20251004_R5_FTI_MLE,François Tissot,FTI,Marc Le Campion,MLE,2.54,8.08,88.0,99.0,Marc Le Campion,MLE,François Tissot,FTI,0.0,5.54,OK,
2025-10-04,20251004.csv,5,20251004_R5_NHA_STA,Nicolas Harmand,NHA,Sami Tamim,STA,4.99,10.75,113.0,94.0,Nicolas Harmand,NHA,Nicolas Harmand,NHA,1.0,5.76,OK,
2025-10-05,20251005.csv,1,20251005_R1_AntoineBlond_MLE,Antoine Blond,,Marc Le Campion,MLE,3.22,12.4,113.0,121.0,Marc Le Campion,MLE,Antoine Blond,,0.0,9.18,OK,
2025-10-05,20251005.csv,1,20251005_R1_CDA_VMA,Csaba Daday,CDA,Valentin Marotte,VMA,5.42,3.69,176.0,186.0,Valentin Marotte,VMA,Valentin Marotte,VMA,1.0,1.73,OK,
2025-10-05,20251005.csv,1,20251005_R1_DRO_SPA,Daniel Rozenberg,DRO,Sarah Partouche,SPA,6.26,20.11,158.0,171.0,Daniel Rozenberg,DRO,Daniel Rozenberg,DRO,1.0,13.85,OK,
2025-10-05,20251005.csv,1,20251005_R1_EBA_STA,Elias Baltassis,EBA,Sami Tamim,STA,19.56,11.32,87.0,85.0,Sami Tamim,STA,Sami Tamim,STA,1.0,8.24,OK,
2025-10-05,20251005.csv,1,20251005_R1_EBE_NHA,Eric Bénichou,EBE,Nicolas Harmand,NHA,5.22,4.53,162.0,160.0,Nicolas Harmand,NHA,Nicolas Harmand,NHA,1.0,0.69,OK,
2025-10-05,20251005.csv,1,20251005_R1_KUB_YUE,Gildas Bouilland,KUB,Yurika Ueno,YUE,7.76,17.62,226.0,198.0,Gildas Bouilland,KUB,Gildas Bouilland,KUB,1.0,9.86,OK,
2025-10-05,20251005.csv,1,20251005_R1_JMA_KUN,James MacNaughtan,JMA,Kévin Unger,KUN,5.27,8.55,174.0,1.0,Kévin Unger,KUN,James MacNaughtan,JMA,0.0,3.28,OK,
2025-10-05,20251005.csv,2,20251005_R2_AntoineBlond_EBE,Antoine Blond,,Eric Bénichou,EBE,5.71,3.72,147.0,169.0,Antoine Blond,,Eric Bénichou,EBE,0.0,1.99,OK,
2025-10-05,20251005.csv,2,20251005_R2_CDA_STA,Csaba Daday,CDA,Sami Tamim,STA,3.6,6.92,122.0,100.0,Csaba Daday,CDA,Csaba Daday,CDA,1.0,3.32,OK,
2025-10-05,20251005.csv,2,20251005_R2_DRO_KUN,Daniel Rozenberg,DRO,Kévin Unger,KUN,6.38,7.91,277.0,218.0,Daniel Rozenberg,DRO,Daniel Rozenberg,DRO,1.0,1.53,OK,
2025-10-05,20251005.csv,2,20251005_R2_EBA_MLE,Elias Baltassis,EBA,Marc Le Campion,MLE,10.97,10.69,165.0,160.0,Marc Le Campion,MLE,Marc Le Campion,MLE,1.0,0.28,OK,
2025-10-05,20251005.csv,2,20251005_R2_JMA_KUB,James MacNaughtan,JMA,Gildas Bouilland,KUB,10.92,5.47,74.0,91.0,James MacNaughtan,JMA,Gildas Bouilland,KUB,0.0,5.45,OK,
2025-10-05,20251005.csv,2,20251005_R2_NHA_VMA,Nicolas Harmand,NHA,Valentin Marotte,VMA,4.72,3.68,179.0,199.0,Nicolas Harmand,NHA,Valentin Marotte,VMA,0.0,1.04,OK,
2025-10-05,20251005.csv,2,20251005_R2_SPA_YUE,Sarah Partouche,SPA,Yurika Ueno,YUE,12.9,9.31,134.0,148.0,Yurika Ueno,YUE,Yurika Ueno,YUE,1.0,3.59,OK,
2025-10-05,20251005.csv,3,20251005_R3_AntoineBlond_EBA,Antoine Blond,,Elias Baltassis,EBA,4.75,13.2,77.0,89.0,Elias Baltassis,EBA,Antoine Blond,,0.0,8.45,OK,
2025-10-05,20251005.csv,3,20251005_R3_CDA_KUB,Csaba Daday,CDA,Gildas Bouilland,KUB,12.0,6.37,147.0,183.0,Gildas Bouilland,KUB,Gildas Bouilland,KUB,1.0,5.63,OK,
2025-10-05,20251005.csv,3,20251005_R3_DRO_MLE,Daniel Rozenberg,DRO,Marc Le Campion,MLE,4.46,8.12,149.0,132.0,Daniel Rozenberg,DRO,Daniel Rozenberg,DRO,1.0,3.66,OK,
2025-10-05,20251005.csv,3,20251005_R3_EBE_JMA,Eric Bénichou,EBE,James MacNaughtan,JMA,3.91,9.38,234.0,235.0,James MacNaughtan,JMA,Eric Bénichou,EBE,0.0,5.47,OK,
2025-10-05,20251005.csv,3,20251005_R3_KUN_YUE,Kévin Unger,KUN,Yurika Ueno,YUE,6.1,20.62,77.0,77.0,Kévin Unger,KUN,Kévin Unger,KUN,1.0,14.52,OK,
2025-10-05,20251005.csv,3,20251005_R3_NHA_SPA,Nicolas Harmand,NHA,Sarah Partouche,SPA,4.51,6.52,56.0,56.0,Nicolas Harmand,NHA,Nicolas Harmand,NHA,1.0,2.01,OK,
2025-10-05,20251005.csv,3,20251005_R3_STA_VMA,Sami Tamim,STA,Valentin Marotte,VMA,13.14,3.12,84.0,69.0,Sami Tamim,STA,Valentin Marotte,VMA,0.0,10.02,OK,
2025-12-06,20251206.csv,1,20251206_R1_AKO_CDA,Anthony Korn,AKO,Csaba Daday,CDA,9.5,4.82,145.0,152.0,Csaba Daday,CDA,Csaba Daday,CDA,1.0,4.68,OK,
2025-12-06,20251206.csv,1,20251206_R1_BYE_VMA,BYE,BYE,Valentin Marotte,VMA,,,,,Valentin Marotte,VMA,,,,,Review,Missing victory flag; Missing BetterPR flag; Missing decisions; Missing PR; Missing equity
2025-12-06,20251206.csv,1,20251206_R1_EBA_EBE,Elias Baltassis,EBA,Eric Bénichou,EBE,18.47,4.38,74.0,73.0,Eric Bénichou,EBE,Eric Bénichou,EBE,1.0,14.09,OK,
2025-12-06,20251206.csv,1,20251206_R1_FTI_VFR,François Tissot,FTI,Vincent Frilley,VFR,4.37,5.16,127.0,145.0,François Tissot,FTI,François Tissot,FTI,1.0,0.79,OK,
2025-12-06,20251206.csv,1,20251206_R1_KUB_PSM,Gildas Bouilland,KUB,Patrice de Sainte Marie,PSM,5.55,9.37,120.0,133.0,Patrice de Sainte Marie,PSM,Gildas Bouilland,KUB,0.0,3.82,OK,
2025-12-06,20251206.csv,1,20251206_R1_JMA_RaphalGinoulhac,James MacNaughtan,JMA,Raphaël Ginoulhac,,1.75,2.19,77.0,86.0,James MacNaughtan,JMA,James MacNaughtan,JMA,1.0,0.44,OK,
2025-12-06,20251206.csv,1,20251206_R1_OFU_STA,Oscar Fuchs,OFU,Sami Tamim,STA,1.62,4.96,87.0,68.0,Sami Tamim,STA,Oscar Fuchs,OFU,0.0,3.34,OK,
2025-12-06,20251206.csv,1,20251206_R1_RalphDanielski_VDN,Ralph Danielski,,Vincent de Nardi,VDN,5.36,4.93,162.0,169.0,Ralph Danielski,,Vincent de Nardi,VDN,0.0,0.43,OK,
2025-12-06,20251206.csv,2,20251206_R2_AKO_FTI,Anthony Korn,AKO,François Tissot,FTI,5.29,7.48,172.0,184.0,François Tissot,FTI,Anthony Korn,AKO,0.0,2.19,OK,
2025-12-06,20251206.csv,2,20251206_R2_BYE_STA,BYE,BYE,Sami Tamim,STA,,,,,Sami Tamim,STA,,,,,Review,Missing victory flag; Missing BetterPR flag; Missing decisions; Missing PR; Missing equity
2025-12-06,20251206.csv,2,20251206_R2_CDA_VMA,Csaba Daday,CDA,Valentin Marotte,VMA,3.97,2.23,101.0,99.0,Csaba Daday,CDA,Valentin Marotte,VMA,0.0,1.74,OK,
2025-12-06,20251206.csv,2,20251206_R2_EBA_PSM,Elias Baltassis,EBA,Patrice de Sainte Marie,PSM,19.52,16.29,169.0,112.0,Elias Baltassis,EBA,Patrice de Sainte Marie,PSM,0.0,3.23,OK,
2025-12-06,20251206.csv,2,20251206_R2_EBE_RaphalGinoulhac,Eric Bénichou,EBE,Raphaël Ginoulhac,,4.19,6.04,145.0,127.0,Raphaël Ginoulhac,,Eric Bénichou,EBE,0.0,1.85,OK,
2025-12-06,20251206.csv,2,20251206_R2_JMA_KUB,James MacNaughtan,JMA,Gildas Bouilland,KUB,8.38,9.28,34.0,47.0,Gildas Bouilland,KUB,James MacNaughtan,JMA,0.0,0.9,OK,
2025-12-06,20251206.csv,2,20251206_R2_OFU_VDN,Oscar Fuchs,OFU,Vincent de Nardi,VDN,2.74,6.72,100.0,94.0,Oscar Fuchs,OFU,Oscar Fuchs,OFU,1.0,3.98,OK,
2025-12-06,20251206.csv,2,20251206_R2_RalphDanielski_VFR,Ralph Danielski,,Vincent Frilley,VFR,8.28,5.29,135.0,148.0,Vincent Frilley,VFR,Vincent Frilley,VFR,1.0,2.99,OK,
2025-12-06,20251206.csv,3,20251206_R3_AKO_RalphDanielski,Anthony Korn,AKO,Ralph Danielski,,8.18,11.73,128.0,139.0,Ralph Danielski,,Anthony Korn,AKO,0.0,3.55,OK,
2025-12-06,20251206.csv,3,20251206_R3_BYE_VDN,BYE,BYE,Vincent de Nardi,VDN,,,,,Vincent de Nardi,VDN,,,,,Review,Missing victory flag; Missing BetterPR flag; Missing decisions; Missing PR; Missing equity
2025-12-06,20251206.csv,3,20251206_R3_CDA_STA,Csaba Daday,CDA,Sami Tamim,STA,4.01,9.06,69.0,66.0,Sami Tamim,STA,Csaba Daday,CDA,0.0,5.05,OK,
2025-12-06,20251206.csv,3,20251206_R3_EBA_JMA,Elias Baltassis,EBA,James MacNaughtan,JMA,20.72,4.88,73.0,74.0,Elias Baltassis,EBA,James MacNaughtan,JMA,0.0,15.84,OK,
2025-12-06,20251206.csv,3,20251206_R3_EBE_PSM,Eric Bénichou,EBE,Patrice de Sainte Marie,PSM,8.25,5.09,153.0,143.0,Patrice de Sainte Marie,PSM,Patrice de Sainte Marie,PSM,1.0,3.16,OK,
2025-12-06,20251206.csv,3,20251206_R3_FTI_VMA,François Tissot,FTI,Valentin Marotte,VMA,2.17,4.67,122.0,108.0,François Tissot,FTI,François Tissot,FTI,1.0,2.5,OK,
2025-12-06,20251206.csv,3,20251206_R3_KUB_RaphalGinoulhac,Gildas Bouilland,KUB,Raphaël Ginoulhac,,6.28,3.63,130.0,110.0,Raphaël Ginoulhac,,Raphaël Ginoulhac,,1.0,2.65,OK,
2025-12-06,20251206.csv,3,20251206_R3_OFU_VFR,Oscar Fuchs,OFU,Vincent Frilley,VFR,4.95,10.34,90.0,76.0,Vincent Frilley,VFR,Oscar Fuchs,OFU,0.0,5.39,OK,
2025-12-06,20251206.csv,4,20251206_R4_AKO_OFU,Anthony Korn,AKO,Oscar Fuchs,OFU,5.66,4.11,124.0,108.0,Anthony Korn,AKO,Oscar Fuchs,OFU,0.0,1.55,OK,
2025-12-06,20251206.csv,4,20251206_R4_BYE_VFR,BYE,BYE,Vincent Frilley,VFR,,,,,Vincent Frilley,VFR,,,,,Review,Missing victory flag; Missing BetterPR flag; Missing decisions; Missing PR; Missing equity
2025-12-06,20251206.csv,4,20251206_R4_CDA_VDN,Csaba Daday,CDA,Vincent de Nardi,VDN,9.72,6.84,57.0,63.0,Csaba Daday,CDA,Vincent de Nardi,VDN,0.0,2.88,OK,
2025-12-06,20251206.csv,4,20251206_R4_EBA_RaphalGinoulhac,Elias Baltassis,EBA,Raphaël Ginoulhac,,20.93,4.32,94.0,85.0,Raphaël Ginoulhac,,Raphaël Ginoulhac,,1.0,16.61,OK,
2025-12-06,20251206.csv,4,20251206_R4_EBE_KUB,Eric Bénichou,EBE,Gildas Bouilland,KUB,4.13,5.95,177.0,123.0,Eric Bénichou,EBE,Eric Bénichou,EBE,1.0,1.82,OK,
2025-12-06,20251206.csv,4,20251206_R4_FTI_STA,François Tissot,FTI,Sami Tamim,STA,2.69,8.68,178.0,151.0,François Tissot,FTI,François Tissot,FTI,1.0,5.99,OK,
2025-12-06,20251206.csv,4,20251206_R4_JMA_PSM,James MacNaughtan,JMA,Patrice de Sainte Marie,PSM,2.5,7.62,160.0,130.0,Patrice de Sainte Marie,PSM,James MacNaughtan,JMA,0.0,5.12,OK,
2025-12-06,20251206.csv,4,20251206_R4_RalphDanielski_VMA,Ralph Danielski,,Valentin Marotte,VMA,3.04,7.68,60.0,63.0,Ralph Danielski,,Ralph Danielski,,1.0,4.64,OK,
2025-12-06,20251206.csv,5,20251206_R5_AKO_BYE,Anthony Korn,AKO,BYE,BYE,,,,,Anthony Korn,AKO,,,,,Review,Missing victory flag; Missing BetterPR flag; Missing decisions; Missing PR; Missing equity
2025-12-06,20251206.csv,5,20251206_R5_CDA_VFR,Csaba Daday,CDA,Vincent Frilley,VFR,9.5,4.03,109.0,108.0,Csaba Daday,CDA,Vincent Frilley,VFR,0.0,5.47,OK,
2025-12-06,20251206.csv,5,20251206_R5_EBA_KUB,Elias Baltassis,EBA,Gildas Bouilland,KUB,0.35,6.02,28.0,28.0,Elias Baltassis,EBA,Elias Baltassis,EBA,1.0,5.67,OK,
2025-12-06,20251206.csv,5,20251206_R5_EBE_JMA,Eric Bénichou,EBE,James MacNaughtan,JMA,3.43,2.87,133.0,133.0,James MacNaughtan,JMA,James MacNaughtan,JMA,1.0,0.56,OK,
2025-12-06,20251206.csv,5,20251206_R5_FTI_VDN,François Tissot,FTI,Vincent de Nardi,VDN,3.15,9.51,79.0,66.0,François Tissot,FTI,François Tissot,FTI,1.0,6.36,OK,
2025-12-06,20251206.csv,5,20251206_R5_OFU_VMA,Oscar Fuchs,OFU,Valentin Marotte,VMA,6.48,4.3,163.0,169.0,Oscar Fuchs,OFU,Valentin Marotte,VMA,0.0,2.18,OK,
2025-12-06,20251206.csv,5,20251206_R5_PSM_RaphalGinoulhac,Patrice de Sainte Marie,PSM,Raphaël Ginoulhac,,12.51,13.03,141.0,147.0,Patrice de Sainte Marie,PSM,Patrice de Sainte Marie,PSM,1.0,0.52,OK,
2025-12-06,20251206.csv,5,20251206_R5_RalphDanielski_STA,Ralph Danielski,,Sami Tamim,STA,4.87,4.19,130.0,153.0,Ralph Danielski,,Sami Tamim,STA,0.0,0.68,OK,
